source,target
!,!
"""",""""
#,#
$,$
&,&
','
70,'70s
«toutesles,'all
'd,'d
'Hara,'hara
'i,'i
'll,'ll
'm,'m
«Mon,'mon
'N,'n
'es,'re
'roll,'roll
's,'s
«le,'the
've,'ve
(,(
),)
*,*
+,+
",",","
--,-
--,--
.,.
..,..
...,...
....,....
.....,.....
/,/
1/2,1/2
10/10,10/10
100%,100%
17e,17th
18e,18th
1930,1930s
1950,1950s
1980,1980s
Années1990,1990s
1er,1st
2-disc,2-disc
"2,0",2.0
"2,35",2.35
"2,5",2.5
20e,20th
21e,21st
3/5,3/5
3e,3rd
"4,5",4.5
4/5,4/5
5-star,5-star
"5,1",5.1
5/5,5/5
5e,5th
60s,60s
70s,70s
7e,7th
8/10,8/10
80s,80s
9/10,9/10
90%,90%
90s,90s
;,;
<happy>,<happy>
<num>,<num>
=,=
?,?
@,@
[,[
],]
`,`
un,a
Aaron,aaron
ab,ab
capacités,abilities
lacapacité,ability
capable,able
abomination,abomination
avortement,abortion
àproposde,about
au-dessus,above
àl'étranger,abroad
absente,absent
absolue,absolute
absolument,absolutely
absorber,absorb
résumé,abstract
absurde,absurd
abusé,abused
abusive,abusive
abyssal,abysmal
universitaires,academic
Académie,academy
accent,accent
accents,accents
accepter,accept
acceptable,acceptable
acceptés,accepted
accessible,accessible
accident,accident
accidentelle,accidental
acclamé,acclaimed
accompagner,accompany
selon,according
compte,account
précis,accurate
habitué,accustomed
ace,ace
atteint,achieved
réalisation,achievement
acoustique,acoustic
acquis,acquired
parmi,across
Loi,act
agi,acted
agissant,acting
action,action
actions,actions
active,active
activités,activities
acteur,actor
acteurs,actors
actrice,actress
actrices,actresses
actes,acts
réelle,actual
enréalité,actually
ad,ad
adam,adam
adams,adams
adapter,adapt
adaptation,adaptation
adaptés,adapted
ajouter,add
ajouté,added
addictive,addictive
ajoutant,adding
Outre,addition
supplémentaires,additional
enoutre,additionally
adresse,address
adresses,addresses
adressage,addressing
ajoute,adds
adéquatement,adequately
admirable,admirable
admirer,admire
admission,admission
admettre,admit
admet,admits
admis,admitted
adoptée,adopted
adorable,adorable
adultes,adult
adultes,adults
avance,advance
avancée,advanced
avantage,advantage
aventure,adventure
aventures,adventures
aventureux,adventurous
annoncés,advertised
conseil,advice
conseiller,advise
affaire,affair
touchés,affected
susmentionnées,aforementioned
apeuré,afraid
african,african
après,after
suite,afterward
ànouveau,again
contre,against
âge,age
âgés,aged
l'ordredujour,agenda
agent,agent
âges,ages
vieillissement,aging
Ilya,ago
êtred'accord,agree
convenues,agreed
Ah!,ah
àvenir,ahead
AI,ai
SIDA,aids
objectif,aim
visant,aimed
vise,aims
n'estpas,aint
air,air
avion,airplane
Airplay,airplay
Aéroport,airport
aka,aka
s'apparente,akin
akira,akira
al,al
alan,alan
albert,albert
Album,album
Albums,albums
alcoolisées,alcoholic
alerte,alert
alex,alex
alfred,alfred
exotiques,alien
étrangers,aliens
ressemblent,alike
vivante,alive
tous,all
detouslestemps,all-time
autorisé,allowed
permettant,allowing
permet,allows
presque,almost
seul,alone
lelongde,along
auxcôtésde,alongside
beaucoup,alot
alphabet,alphabet
déjà,already
alright,alright
également,also
altéré,altered
Autre,alternate
alternatifs,alternative
bienque,although
toutàfait,altogether
toujours,always
am,am
amateurisme,amateurish
étonné,amazed
étonnant,amazing
étonnamment,amazingly
amazon,amazon
ambiance,ambience
ambiante,ambient
ambition,ambition
america,america
american,american
Américains,americans
parmi,among
montant,amount
montants,amounts
amusé,amused
amusant,amusing
amy,amy
une,an
analyse,analysis
analyste,analyst
anamorphique,anamorphic
anatomie,anatomy
ancre,anchor
antique,ancient
et,and
et/ou,and/or
anderson,anderson
andy,andy
ange,angel
angeles,angeles
Angelina,angelina
lacolère,anger
encolère,angry
Angst,angst
desanimaux,animal
animaux,animals
animée,animated
animation,animation
Anime,anime
ann,ann
anna,anna
anniversaire,anniversary
ennuyé,annoyed
ennuyeux,annoying
unautre,another
réponse,answer
répondre,answering
réponses,answers
hymne,anthem
hymnes,anthems
anthony,anthony
anticipation,anticipation
n'importelequel,any
personne,anybody
plus,anymore
n'importequi,anyone
n'importequoi,anything
n'importequand,anytime
detoutemanière,anyway
anyways,anyways
n'importeoù,anywhere
AP,ap
àpart,apart
Appartement,apartment
épouvantable,appalling
apparente,apparent
apparemment,apparently
appel,appeal
attrayant,appealing
semblent,appear
apparence,appearance
apparences,appearances
paru,appeared
apparaît,appears
l'appétit,appetite
application,application
applications,applications
appliquée,applied
appliquer,apply
apprécions,appreciate
apprécié,appreciated
satisfaction,appreciation
approche,approach
approché,approached
appropriée,appropriate
Avril,april
arc,arc
archaïque,archaic
architecte,architect
architecture,architecture
sont,are
zone,area
domaines,areas
Arena,arena
argento,argento
sansdoute,arguably
soutiennent,argue
argument,argument
arguments,arguments
bras,arm
bras,arms
armstrong,armstrong
armée,army
surgi,arose
autour,around
arrangé,arranged
arrangement,arrangement
arrangements,arrangements
array,array
arrivée,arrival
arrivé,arrived
arrive,arrives
arrogant,arrogant
art,art
Articles,articles
articuler,articulate
Artiste,artist
artistiques,artistic
art,artistry
Artistes,artists
artwork,artwork
comme,as
honte,ashamed
ashley,ashley
asia,asia
decôté,aside
demander,ask
demandé,asked
demandant,asking
endormi,asleep
aspect,aspect
aspects,aspects
aspirant,aspiring
cul,ass
assaut,assault
affirmation,assertion
affirmations,assertions
affirme,asserts
ressource,asset
actifs,assets
attribué,assigned
aider,assist
Association,association
assortiment,assortment
assumer,assume
supposé,assumed
n'assume,assumes
ensupposant,assuming
hypothèse,assumption
hypothèses,assumptions
étonnant,astonishing
étonnante,astounding
à,at
Atlantique,atlantic
atmosphère,atmosphere
atmosphérique,atmospheric
atroce,atrocious
piècejointe,attachment
attaquer,attacking
attaques,attacks
tentative,attempt
tentative,attempted
tenter,attempting
tentatives,attempts
assisté,attended
attention,attention
attitude,attitude
attractif,attractive
public,audience
publics,audiences
Audio,audio
Août,august
phonétique,aural
Austen,austen
Austin,austin
Australie,australia
authenticité,authenticity
Auteur,author
autorité,authority
auteurs,authors
autobiographie,autobiography
automatiquement,automatically
disponible,available
moyenne,average
Avid,avid
éviter,avoid
éveillé,awake
Awards,awards
conscient,aware
parti,away
génial,awesome
horrible,awful
maladroit,awkward
awsome,awsome
hache,axe
b,b
B-Movie,b-movie
b-side,b-side
B-Sides,b-sides
bébé,baby
bach,bach
retour,back
backed,backed
arrière-plan,background
Arrière-plans,backgrounds
desbandes,backing
sauvegarde,backup
enarrière,backwards
mauvais,bad
mal,badly
sac,bag
boulangerie,baked
Baker,baker
cuisson,baking
équilibre,balance
équilibré,balanced
lessoldes,balances
Baldacci,baldacci
ballon,ball
ballade,ballad
ballades,ballads
Ballet,ballet
banale,banal
bandede,band
bandes,bands
bang,bang
Banjo,banjo
Banque,bank
barbara,barbara
coiffeur,barber
àpeine,barely
négocier,bargain
barnes,barnes
Barr,barr
barry,barry
Barrymore,barrymore
Bars,bars
base,base
Baseball,baseball
base,based
debase,basic
essentiellement,basically
Basics,basics
base,basis
Bass,bass
bassiste,bassist
salledebains,bathroom
baignoire,bathtub
bataille,battle
batailles,battles
être,be
plage,beach
supporter,bear
ours,bears
battre,beat
beatles,beatles
bat,beats
magnifique,beautiful
magnifiquement,beautifully
beauté,beauty
estdevenu,became
car,because
devenir,become
devient,becomes
devenir,becoming
lit,bed
l'heureducoucher,bedtime
abeille,bee
boeuf,beef
été,been
bière,beer
avant,before
acommencé,began
commencer,begin
début,begining
Débutant,beginner
débutants,beginners
début,beginning
débuts,beginnings
commence,begins
comportement,behavior
comportement,behaviour
derrière,behind
behind-the-scenes,behind-the-scenes
étant,being
êtres,beings
croyance,belief
croyances,beliefs
crédible,believable
croire,believe
croit,believes
appartenir,belong
appartient,belongs
bien-aimée,beloved
endessous,below
ben,ben
sous,beneath
profit,benefit
benjamin,benjamin
courbé,bent
berlin,berlin
Berry,berry
deplus,besides
meilleur,best
pari,bet
trahison,betrayal
mieux,better
entre,between
Méfiez-vous,beware
Beyonce,beyonce
au-delà,beyond
partialité,bias
biaisé,biased
bible,bible
bibliques,biblical
grand,big
plusgrand,bigger
plusgrand,biggest
facture,bill
factures,bills
billy,billy
bin,bin
biographie,biography
oiseau,bird
naissance,birth
anniversaire,birthday
bit,bit
mordre,bite
douce-amère,bittersweet
bizarre,bizarre
noir,black
ennoiretblanc,black-and-white
blah,blah
blâme,blame
blâme,blames
Bland,bland
fourneaux,blast
flagrante,blatant
Blazing,blazing
bleed,bleed
mélange,blend
mélanges,blends
bienheureux,blessed
bénédiction,blessing
souffla,blew
aveugle,blind
Bliss,bliss
cloques,blistering
bloc,block
sang,blood
bloom,bloom
souffler,blow
soufflage,blowing
soufflé,blown
coups,blows
bleu,blue
bluegrass,bluegrass
schémadirecteur,blueprint
blues,blues
floue,blurry
tableau,board
Bateau,boat
bob,bob
bobby,bobby
corporelles,bodily
corps,body
bidon,bogus
gras,bold
attentat,bombing
obligataire,bond
os,bone
os,bones
bonus,bonus
livre,book
livret,booklet
livres,books
librairie,bookstore
boom,boom
boot,boot
bootleg,bootleg
frontières,borders
alésage,bore
ennuyé,bored
l'ennui,boredom
ennuyeux,boring
né,born
emprunter,borrow
patron,boss
lesdeux,both
embêter,bother
dérangés,bothered
bas,bottom
acheté,bought
rebondir,bounce
rebond,bound
limites,boundaries
Bounty,bounty
arc,bow
Bowie,bowie
case,box
garçon,boy
petitami,boyfriend
garçons,boys
brad,brad
cerveau,brain
sanscervelle,brainless
cerveaux,brains
Bram,bram
marque,brand
Cuivres,brass
bravo,bravo
Brésil,brazil
brazilian,brazilian
pause,break
ventilation,breakdown
briser,breaking
pauses,breaks
percée,breakthrough
seins,breasts
souffle,breath
respirer,breathe
àcouperlesouffle,breathtaking
jovial,breezy
Brew,brew
brian,brian
brique,brick
Bridge,bridge
bref,brief
brillant,bright
brillance,brilliance
brillant,brilliant
brillamment,brilliantly
apporter,bring
apportant,bringing
apporte,brings
brit,brit
Grande-Bretagne,britain
british,british
large,broad
pluslarge,broader
Broadway,broadway
Brooks,brooks
bros,bros
frère,brother
frères,brothers
apporté,brought
marron,brown
bruce,bruce
brutal,brutal
BTW,btw
Bubbly,bubbly
Buck,buck
Bucks,bucks
bouddhiste,buddhist
Buddy,buddy
budget,budget
Buff,buff
buffy,buffy
construire,build
bâtiment,building
construit,builds
volume,bulk
balles,bullets
empoté,bumbling
bummer,bummer
bosse,bump
bouquet,bunch
brûler,burn
brûlé,burned
brûlures,burns
bus,bus
Bush,bush
entreprise,business
entreprises,businesses
businessman,businessman
buste,bust
occupé,busy
mais,but
égorgés,butchered
bout,butt
bouton,button
acheter,buy
Acheteur,buyer
d'achat,buying
buzz,buzz
par,by
c,c
ca,ca
cab,cab
cabine,cabin
appeler,call
appelé,called
appelant,calling
Appels,calls
calme,calm
venu,came
Appareilphoto,camera
Cameron,cameron
camp,camp
Campbell,campbell
camps,camps
pouvoir,can
Canada,canada
canadian,canadian
annulée,canceled
annulé,cancelled
lecancer,cancer
candidat,candidate
bougie,candle
nepeuventpas,cannot
cant,cant
capable,capable
lacapacité,capacity
capitalisme,capitalism
captivé,captivated
captivante,captivating
capture,capture
capturés,captured
Captures,captures
voiture,car
carte,card
carton,cardboard
Cardio,cardio
soin,care
decarrière,career
Attention,careful
attentivement,carefully
soucis,cares
Carey,carey
caricature,caricature
caricatures,caricatures
priseencharge,caring
carl,carl
Carol,carol
carolyn,carolyn
Carpenter,carpenter
Carrie,carrie
effectué,carried
porte,carries
porter,carry
voitures,cars
Carter,carter
Cartoon,cartoon
caricatures,cartoons
cas,case
cas,cases
detrésorerie,cash
Casino,casino
cassette,cassette
Cast,cast
casting,casting
occasionnels,casual
chat,cat
attraper,catch
attraper,catching
catchy,catchy
catholique,catholic
chats,cats
capturés,caught
cause,cause
causes,causes
causant,causing
cd,cd
cds,cds
célébration,celebration
Célébrité,celebrity
celluloïd,celluloid
celtic,celtic
cent,cent
centre,center
centré,centered
centres,centers
centrale,central
cents,cents
siècles,centuries
siècle,century
certain,certain
certainement,certainly
chaîne,chain
tronçonneuse,chainsaw
chaise,chair
contesté,challenged
défis,challenges
difficile,challenging
championnat,championship
chance,chance
chances,chances
changer,change
changé,changed
changements,changes
changer,changing
Channel,channel
Chant,chant
chaos,chaos
chaotique,chaotic
Chapitre,chapter
chapitres,chapters
caractère,character
Caractérisation,characterization
caractères,characters
facturer,charge
facturés,charged
charles,charles
charlie,charlie
charlotte,charlotte
charme,charm
charmant,charming
Charts,charts
Chase,chase
bonmarché,cheap
moinscher,cheaper
triché,cheated
tricher,cheating
vérifier,check
vérifiée,checked
vérifier,checking
fromage,cheese
cheesy,cheesy
chef,chef
Chefs,chefs
Chimie,chemistry
cerise,cherry
Echecs,chess
chicago,chicago
chick,chick
chef,chief
enfant,child
l'enfance,childhood
enfantin,childish
enfants,children
Childrens,childrens
chill,chill
chilling,chilling
Chine,china
Chinois,chinese
chocolat,chocolate
choix,choice
choix,choices
chœur,choir
choisir,choose
clapot,choppy
Côtelettes,chops
chord,chord
corvée,chore
chorégraphie,choreography
Chorus,chorus
choisi,chose
choisi,chosen
chris,chris
christ,christ
christian,christian
christianisme,christianity
Chrétiens,christians
Noël,christmas
chronique,chronic
Chronique,chronicle
Chuck,chuck
église,church
Eglises,churches
cinéma,cinema
cinématographique,cinematic
Images,cinematography
cercle,circle
circonstances,circumstances
cirque,circus
villes,cities
encitant,citing
citoyens,citizens
ville,city
civilisation,civilization
réclamation,claim
revendiquée,claimed
prétendant,claiming
revendications,claims
Clancy,clancy
clarté,clarity
Clark,clark
Clarkson,clarkson
affrontement,clash
classe,class
classes,classes
Classic,classic
classique,classical
Classics,classics
classy,classy
argile,clay
propre,clean
nettoyés,cleaned
clair,clear
clairement,clearly
intelligent,clever
Cliche,cliche
cliché,cliched
clichés,cliches
clients,clients
climatiques,climactic
climax,climax
Clinton,clinton
rognées,clipped
clips,clips
clooney,clooney
fermer,close
deprès,closely
plusprès,closer
plusproche,closest
placard,closet
vêtements,clothes
Clown,clown
clowns,clowns
club,club
Clubs,clubs
clue,clue
clueless,clueless
indices,clues
maladroit,clumsy
maladroit,clunky
fouillis,clutter
co,co
collèguesdetravail,co-workers
coach,coach
charbon,coal
côte,coast
Code,code
cohen,cohen
cohérente,coherent
cohésive,cohesive
froid,cold
collaboration,collaboration
recueillir,collect
collection,collection
Collections,collections
collectionneurs,collectors
Collège,college
colonie,colony
couleur,color
coloré,colorful
couleurs,colors
couleur,colour
Coltrane,coltrane
colombie,columbia
Combinaison,combination
combinaisons,combinations
combinés,combined
combine,combines
Combo,combo
venir,come
Comédies,comedies
comédie,comedy
vient,comes
Confort,comfort
confortable,comfortable
réconfortant,comforting
BD,comic
comique,comical
àvenir,coming
uncommentaire,comment
commentaires,commentaries
commentaire,commentary
commenté,commented
commentaires,comments
commerciale,commercial
publicités,commercials
commis,committed
courant,common
couramment,commonly
communiquer,communicate
communique,communicates
Communication,communication
communiste,communist
communautés,communities
communauté,community
compagnon,companion
entreprise,company
Comparer,compare
comparativement,compared
comparer,comparing
Comparaison,comparison
compassion,compassionate
convaincant,compelling
rivaliser,compete
compilation,compilation
compilations,compilations
plaint,complained
plaindre,complaining
seplaint,complains
plainte,complaint
plaintes,complaints
complément,complement
complète,complete
terminé,completed
complètement,completely
complexes,complex
compliqué,complicated
Compositeur,composer
composition,composition
Compositions,compositions
comprendre,comprehend
globale,comprehensive
ordinateur,computer
con,con
concept,concept
concepts,concepts
inquiétude,concern
concernés,concerned
concernantles,concerning
préoccupations,concerns
Concert,concert
Concerto,concerto
Concerts,concerts
concise,concise
conclure,conclude
finales,concluding
conclusion,conclusion
béton,concrete
condescendante,condescending
condition,condition
Conférence,conference
avouer,confess
conflits,conflict
confronter,confront
confondre,confuse
confondre,confused
déroutant,confusing
Congrès,congress
connexion,connecting
connexion,connection
Connery,connery
cons,cons
conséquences,consequences
conservateur,conservative
envisager,consider
considérable,considerable
considérée,considered
envisage,considering
conforme,consistent
constamment,consistently
consistant,consisting
consiste,consists
constants,constant
constamment,constantly
constitutionnel,constitutional
consommateurs,consumers
consommation,consumption
Contact,contact
contiennent,contain
contenues,contained
contient,contains
contemplative,contemplative
contemporains,contemporaries
contemporaine,contemporary
outrage,contempt
contenu,content
Sommaire,contents
Concours,contest
contexte,context
continuer,continue
continue,continues
contrat,contract
contradictoires,contradictory
contredit,contradicts
Contraste,contrast
artificiel,contrived
contrôle,control
controversée,controversial
commodité,convenience
commode,convenient
commodément,conveniently
conventionnelles,conventional
conversation,conversation
conversations,conversations
Laconversion,conversion
convertir,convert
transmis,conveyed
transmet,conveys
condamné,convicted
convaincu,convinced
convaincant,convincing
convaincante,convincingly
alambiqué,convoluted
cookbook,cookbook
livresdecuisine,cookbooks
cuisson,cooking
cool,cool
Cooper,cooper
COP,cop
face,cope
copié,copied
copies,copies
adaptation,coping
copie,copy
principal,core
Cornwell,cornwell
correcte,correct
correctement,correctly
corrompus,corrupt
corruption,corruption
coût,cost
coûts,costs
costume,costume
costumes,costumes
costumes,costuming
Cottage,cottage
divan,couch
pourrait,could
couldnt,couldnt
counseling,counseling
count,count
comptage,counting
innombrables,countless
pays,countries
pays,country
chiffres,counts
encouple,couple
courage,courage
courageux,courageous
cours,course
Cours,courses
courtoisie,courtesy
cousin,cousin
cousins,cousins
couvrir,cover
couverture,coverage
couverts,covered
couvrant,covering
couvre,covers
lavache,cow
Cowboy,cowboy
crack,crack
craquage,cracked
conçu,crafted
craig,craig
manivelle,crank
merde,crap
crappy,crappy
fou,crazy
crème,cream
créer,create
créé,created
crée,creates
créer,creating
création,creation
Creative,creative
lacréativité,creativity
créateur,creator
créateurs,creators
créature,creature
créatures,creatures
crédibilité,credibility
crédit,credit
crédits,credits
Creek,creek
creepy,creepy
équipage,crew
Crichton,crichton
s'écria,cried
criminalité,crime
crimes,crimes
ramper,cringe
crise,crisis
Crisp,crisp
critère,criterion
critique,critical
critique,criticism
critiques,critics
critique,critique
Crosby,crosby
Cross,cross
depassage,crossing
crossover,crossover
corneille,crow
foule,crowd
crunk,crunk
écrasé,crushed
pleurer,cry
pleurer,crying
cube,cube
culinaire,culinary
culte,cult
cultes,cults
culturelle,cultural
Culture,culture
cultures,cultures
tasse,cup
guérir,cure
curieux,curious
actuel,current
actuellement,currently
Curtis,curtis
courbe,curve
client,customer
couper,cut
mignon,cute
coupures,cuts
decoupe,cutting
cynique,cynical
d,d
dc,d.c
papa,dad
quotidienne,daily
dommageables,damaging
Dame,dame
àdeuxballes,damn
dan,dan
danse,dance
dansants,danceable
danses,dances
danse,dancing
dangereux,dangerous
daniel,daniel
daniels,daniels
danny,danny
oser,dare
oser,daring
sombre,dark
plussombre,darker
lesplussombres,darkest
chéri,darling
darn,darn
données,data
date,date
endatedu,dated
fille,daughter
filles,daughters
dave,dave
david,david
davis,davis
jour,day
jour,days
de,de
mort,dead
affaire,deal
concessionnaires,dealers
traitant,dealing
Offresspéciales,deals
Dean,dean
cher,dear
mort,death
Décès,deaths
Deaver,deaver
deborah,deborah
débuts,debut
décennie,decade
décennies,decades
trompé,deceived
Décembre,december
décent,decent
décider,decide
adécidé,decided
décidément,decidedly
décide,decides
décider,deciding
décision,decision
dévouement,dedication
actes,deeds
profond,deep
plusprofond,deepest
profondément,deeply
défendre,defend
défense,defense
définitivement,definately
définir,define
définitivement,definetly
définitive,definite
définitivement,definitely
définitif,definitive
degré,degree
supprimé,deleted
délibérément,deliberately
Delicious,delicious
ravissement,delight
heureux,delighted
délicieuse,delightful
livrer,deliver
livrés,delivered
prestation,delivering
livre,delivers
livraison,delivery
Delta,delta
Deluxe,deluxe
disparition,demise
Démo,demo
démocratique,democratic
démons,demons
démontre,demonstrates
déni,denial
DeNiro,deniro
nier,deny
Denzel,denzel
dépendent,depend
àcharge,dependent
dépeint,depicted
dépeignant,depicting
représentation,depiction
déprimé,depressed
déprimant,depressing
ladépression,depression
profondeur,depth
profondeurs,depths
derek,derek
descente,descent
décrire,describe
décrit,described
décrit,describes
décrivant,describing
Description,description
descriptions,descriptions
Descriptif,descriptive
désert,desert
méritent,deserve
mérité,deserved
mérite,deserves
méritants,deserving
conception,design
dessins,designs
désir,desire
désiré,desired
bureau,desk
désespoir,despair
désespérée,desperate
méprise,despise
malgré,despite
destinés,destined
destin,destiny
destruction,destruction
détail,detail
détaillée,detailed
Détails,details
Detective,detective
détermination,determination
développer,develop
développés,developed
endéveloppement,developing
développement,development
développe,develops
dispositifs,devices
diable,devil
dépourvu,devoid
consacre,devotes
dévotion,devotion
di,di
dedialogue,dialog
dialogue,dialogue
dialogues,dialogues
Diana,diana
diane,diane
Diaries,diaries
diatribe,diatribe
fit,did
Diddy,diddy
mourir,die
die-hard,die-hard
estmort,died
meurt,dies
alimentation,diet
différence,difference
différences,differences
différents,different
différemment,differently
difficile,difficult
difficultés,difficulties
dig,dig
numérique,digital
ladignité,dignity
dimension,dimension
dimensionnelle,dimensional
dinosaure,dinosaur
diplomatique,diplomatic
dire,dire
directs,direct
direct-to-video,direct-to-video
réalisé,directed
diriger,directing
direction,direction
directement,directly
Directeur,director
administrateurs,directors
lasaleté,dirt
sale,dirty
déçu,disapointed
disapointment,disapointment
disparaît,disappears
décevoir,disappoint
déçu,disappointed
décevant,disappointing
déception,disappointment
encasdecatastrophe,disaster
désastreux,disastrous
disque,disc
discerner,discern
disco,disco
discographie,discography
discours,discourse
découvrir,discover
découvert,discovered
découverte,discovery
discrédité,discredited
disques,discs
discuter,discuss
discuté,discussed
discute,discusses
discuter,discussing
Discussion,discussion
maladie,disease
disgrâce,disgrace
dégoûté,disgusted
dégoûtant,disgusting
malhonnête,dishonest
malhonnête,disingenuous
disjointes,disjointed
disque,disk
disques,disks
aversion,dislike
détestait,disliked
disney,disney
désorganisé,disorganized
afficher,display
affichés,displayed
affiche,displays
déplaisir,displeasure
mépris,disregard
dissapointed,dissapointed
dissapointing,dissapointing
dissapointment,dissapointment
dissappointed,dissappointed
distincte,distinct
déformée,distorted
distorsion,distortion
distraire,distract
distrait,distracted
distrayant,distracting
inquiétante,disturbing
divers,diverse
ladiversité,diversity
fracture,divide
divisé,divided
Divorcé,divorced
DJ,dj
faire,do
doc,doc
médecin,doctor
médecins,doctors
doctrines,doctrines
documentaire,documentary
documents,documents
fait,does
chien,dog
dogg,dogg
chiens,dogs
faisant,doing
dollar,dollar
dedollars,dollars
Dolly,dolly
Don,don
fait,done
Donna,donna
EXCLURE,dont
doo,doo
porte,door
portes,doors
Dope,dope
Doris,doris
double,double
doute,doubt
doutes,doubts
verslebas,down
Descente,downhill
télécharger,download
carrément,downright
Réductions,downs
dr,dr
terne,drab
glisser,drag
traîné,dragged
traîne,drags
drame,drama
drames,dramas
dramatique,dramatic
defaçonspectaculaire,dramatically
dessiner,draw
dessin,drawing
établi,drawn
dre,dre
affreux,dreadful
rêver,dream
rêves,dreams
rêveur,dreamy
robe,dress
dressing,dressing
aattiré,drew
potable,drinking
conduire,drive
radotage,drivel
conduit,driven
lecteurs,drives
conduite,driving
bourdon,drone
ronron,droning
goutte,drop
abandonné,dropped
abandon,dropping
drogue,drug
médicaments,drugs
tambour,drum
batteur,drummer
drumming,drumming
Batterie,drums
sécher,dry
double,dual
dub,dub
doublage,dubbing
Dud,dud
pote,dude
dû,due
duo,duet
duos,duets
Duke,duke
terne,dull
sourd,dumb
dump,dump
dumping,dumped
Duo,duo
pendant,during
Duvall,duvall
dvd,dvd
dvds,dvds
mourir,dying
dylan,dylan
dynamique,dynamic
Dynamique,dynamics
parexemple,e.g
chaque,each
avide,eager
avidement,eagerly
oreille,ear
Earl,earl
antérieure,earlier
plustôt,earliest
tôt,early
gagner,earn
oreilles,ears
terre,earth
l'aise,ease
facile,easier
facilement,easily
simple,easy
mangé,eaten
Restos,eating
echo,echo
éclectique,eclectic
économique,economic
économistes,economists
ed,ed
eddie,eddie
bord,edge
edgy,edgy
modifier,edit
edited,edited
édition,editing
édition,edition
Sousladirectionde,editor
éduquer,educate
l'éducation,education
éducatives,educational
edward,edward
eerie,eerie
effet,effect
efficaces,effective
efficacement,effectively
effets,effects
effort,effort
sanseffort,effortlessly
efforts,efforts
parexemple,eg
oeuf,egg
Moi,ego
huit,eight
soit,either
el,el
élection,election
électrique,electric
électronique,electronic
electro,electronica
élégant,elegant
élément,element
élémentaires,elementary
éléments,elements
onze,eleven
éliminer,eliminate
Elizabeth,elizabeth
ella,ella
Ellington,ellington
Ellis,ellis
éloquent,eloquent
éloquence,eloquently
autre,else
ailleurs,elsewhere
elton,elton
embarrassé,embarassed
embarrassé,embarrassed
embarrassant,embarrassing
embarras,embarrassment
embrasser,embrace
emma,emma
emo,emo
émotion,emotion
émotionnelle,emotional
émotionnellement,emotionally
émotions,emotions
empathie,empathy
accent,emphasis
souligner,emphasize
souligne,emphasizes
empire,empire
occupée,employed
employés,employees
vide,empty
fr,en
rencontres,encounters
encyclopédie,encyclopedia
fin,end
tâcher,endeavor
terminé,ended
seterminant,ending
terminaisons,endings
sansfin,endless
setermine,ends
supporter,endure
ennemis,enemies
ennemi,enemy
énergique,energetic
d'énergie,energy
s'engager,engaging
génie,engineering
ingénieurs,engineers
Angleterre,england
anglais,english
passionnant,engrossing
améliore,enhances
apprécier,enjoy
agréable,enjoyable
jouissait,enjoyed
jouissant,enjoying
jouissance,enjoyment
jouit,enjoys
eno,eno
énorme,enormous
assez,enough
ensemble,ensemble
Entrez,enter
entrant,entering
entreprise,enterprise
divertir,entertain
amuseur,entertainer
divertissant,entertaining
Divertissement,entertainment
ensemble,entire
entièrement,entirely
intégralité,entirety
environnement,environment
ep,ep
épique,epic
épopées,epics
Epilogue,epilogue
épisode,episode
épisodes,episodes
l'égalité,equal
aussi,equally
ER,er
ère,era
eric,eric
érotique,erotic
erronées,erroneous
Erreur,error
erreurs,errors
évasion,escape
échappé,escaped
particulier,especially
espionnage,espionage
essai,essay
essence,essence
essentielles,essential
l'essentiel,essentially
etc,etc
éternelle,eternal
ethan,ethan
Europe,europe
européenne,european
d'évaluation,evaluation
même,even
soir,evening
événement,event
Evénements,events
éventuelle,eventual
finalement,eventually
jamais,ever
chaque,every
toutlemonde,everybody
quotidienne,everyday
toutlemonde,everyone
tout,everything
partout,everywhere
preuves,evidence
évidemment,evidently
mauvais,evil
évocateur,evocative
évolution,evolution
évolué,evolved
exact,exact
exactement,exactly
examen,examination
examiner,examine
examine,examines
l'examen,examining
Parexemple,example
exemples,examples
l'excellence,excellence
excellent,excellent
sauf,except
exception,exception
exceptionnelles,exceptional
excessive,excessive
échange,exchange
excités,excited
excitation,excitement
passionnant,exciting
exclusivement,exclusively
excuse,excuse
excuses,excuses
exécutés,executed
exécution,execution
exécutif,executive
exercice,exercise
exercices,exercises
épuisé,exhausted
existent,exist
existait,existed
existence,existence
existentielle,existential
existants,existing
existe,exists
sortie,exit
exotiques,exotic
agrandir,expand
élargi,expanded
attendre,expect
attentes,expectations
attendus,expected
s'attendant,expecting
cher,expensive
l'expérience,experience
expérimentés,experienced
expériences,experiences
expérimentales,experimental
expériences,experiments
experts,experts
expliquer,explain
aexpliqué,explained
expliquant,explaining
explique,explains
explication,explanation
explications,explanations
l'exploitation,exploitation
Explorez,explore
explore,explores
explorer,exploring
exposés,exposed
l'exposition,exposure
Express,express
expression,expression
expressive,expressive
exquis,exquisite
étendu,extended
mesure,extent
extra,extra
étrangères,extraneous
extraordinaire,extraordinary
Extras,extras
extrêmes,extreme
extrêmement,extremely
extrémiste,extremist
oeil,eye
yeux,eyes
fabuleux,fabulous
visage,face
face,faced
visages,faces
face,facing
fait,fact
facteurs,factors
faits,facts
factuelles,factual
fading,fading
échouer,fail
échoué,failed
échoue,fails
échec,failure
loyal,fair
assez,fairly
équité,fairness
foi,faith
fidèles,faithful
faux,fake
tomber,fall
chute,falling
Falls,falls
faux,false
mensonge,falsehood
Fame,fame
familier,familiar
familiarité,familiarity
famille,family
célèbre,famous
fan,fan
Fans,fans
fantastique,fantastic
Fantasy,fantasy
loin,far
fart,fart
fasciné,fascinated
fascinant,fascinating
fascination,fascination
mode,fashion
fashioned,fashioned
rapidement,fast
plusrapide,faster
graisse,fat
père,father
faute,fault
fave,fave
faveur,favor
préférée,favorite
Favoris,favorites
préférés,favourite
favoris,favourites
peur,fear
craintes,fears
fonction,feature
Spécial,featured
fonctions,features
Featurette,featurette
featurettes,featurettes
mettantenvedette,featuring
nourris,fed
d'alimentation,feeding
sentir,feel
sentiment,feeling
sentiments,feelings
sent,feels
tomba,fell
garçon,fellow
sentir,felt
femelle,female
femme,femme
festival,festival
Fièvre,fever
peude,few
Fiction,fiction
fictive,fictitious
fiddle,fiddle
fidélité,fidelity
champ,field
champs,fields
quinze,fifteen
cinquième,fifth
cinquante,fifty
sebattre,fight
chasseur,fighter
combats,fighting
figuratifs,figurative
Figure,figure
figuré,figured
Chiffres,figures
figurant,figuring
fichier,file
remplir,fill
remplis,filled
filler,filler
comble,fills
Film,film
filmé,filmed
tournage,filming
cinéastes,filmmakers
films,films
final,final
Enfin,finally
financière,financial
financièrement,financially
rechercher,find
trouver,finding
constate,finds
beau,fine
plusbeaux,finest
doigts,fingers
finition,finish
fini,finished
finition,finishing
Finney,finney
incendie,fire
tiré,fired
cabinet,firm
fermement,firmly
entreprises,firms
premier,first
Firth,firth
poisson,fish
enforme,fit
s'adapte,fits
cinq,five
réparer,fix
Flair,flair
flamme,flame
plat,flat
saveur,flavor
faille,flaw
vicié,flawed
impeccable,flawless
défauts,flaws
volé,flew
Flick,flick
mouches,flies
vol,flight
Flip,flip
étage,floor
flux,flow
fleurie,flowery
flux,flows
fluff,fluff
flûte,flute
battant,flying
focus,focus
concentré,focused
seconcentre,focuses
enmettantl'accent,focusing
brouillard,fog
Foley,foley
Folk,folk
folks,folks
suivre,follow
suivi,follow-up
suivi,followed
suivant,following
suit,follows
nourriture,food
aliments,foods
idiot,fool
dupé,fooled
sots,fools
pied,foot
footage,footage
football,football
pour,for
interdit,forbidden
vigueur,force
forcé,forced
forces,forces
forcer,forcing
Ford,ford
étrangers,foreign
étranger,foreigner
avanttout,foremost
forêt,forest
toujours,forever
prévenu,forewarned
oublier,forget
oubliables,forgettable
pardonné,forgiven
pardonnant,forgiving
oubliée,forgotten
forme,form
format,format
ancien,former
formes,forms
formule,formula
stéréotypé,formulaic
etc,forth
chance,fortunate
Heureusement,fortunately
fortune,fortune
quarante,forty
versl'avant,forward
favoriser,foster
trouvé,found
Fondation,foundation
quatre,four
Fox,fox
fragile,fragile
France,france
franchise,franchise
francisco,francisco
Frank,frank
Frankenstein,frankenstein
frankie,frankie
franchement,frankly
Freaks,freaks
gratuit,free
liberté,freedom
français,french
Foire,frequently
fraîches,fresh
Freud,freud
ami,friend
amis,friends
amitié,friendship
friggin,friggin
peur,frightened
effrayant,frightening
àpartirde,from
front,front
fruits,fruits
frustrant,frustrating
lafrustration,frustration
complet,full
full-length,full-length
plein,fullest
fullscreen,fullscreen
pleinement,fully
rigolo,fun
fonction,function
intégrisme,fundamentalism
Lesfondamentalistes,fundamentalists
Funk,funk
funky,funky
drôle,funnier
drôle,funniest
drôle,funny
plusloin,further
enoutre,furthermore
fureur,fury
fusion,fusion
avenir,future
fuzzy,fuzzy
fx,fx
g,g
gabriel,gabriel
gain,gain
Galore,galore
jeu,game
jeux,games
gang,gang
Garage,garage
ordures,garbage
jardin,garden
Garner,garner
gary,gary
porte,gate
portes,gates
rassembler,gather
collecte,gathering
adonné,gave
gay,gay
gee,gee
GEM,gem
GEMS,gems
sexe,gender
général,general
généralisée,generalized
généralement,generally
généré,generated
génération,generation
générations,generations
génériques,generic
génie,genius
Genre,genre
Genres,genres
douce,gentle
véritablement,genuinely
géographiques,geographic
Géographie,geography
george,george
gerald,gerald
Allemand,german
Allemagne,germany
obtenir,get
obtient,gets
Gettin,gettin
S'y,getting
Ghost,ghost
fantômes,ghosts
géant,giant
géants,giants
cadeau,gift
Cadeaux,gifts
gilbert,gilbert
fille,girl
petiteamie,girlfriend
filles,girls
donner,give
donnée,given
donne,gives
donnant,giving
ravi,glad
flagrant,glaring
verre,glass
Glenn,glenn
aperçu,glimpse
mondiale,global
glorieux,glorious
gloire,glory
lumineux,glowing
aller,go
dieu,god
va,goes
allant,going
or,gold
Goldberg,goldberg
or,golden
allé,gone
gonna,gonna
Goo,goo
bien,good
aurevoir,goodbye
goofy,goofy
google,google
gordon,gordon
Gore,gore
sublime,gorgeous
Evangile,gospel
a,got
obtenu,gotten
Gouvernement,government
grâce,grace
grade,grade
grader,grader
niveleuses,graders
progressivement,gradually
diplômé,graduate
Grafton,grafton
grain,grain
granuleuse,grainy
grammaire,grammar
Grand,grand
petite-fille,granddaughter
grand-père,grandfather
Grand-mère,grandma
grand-père,grandpa
graphique,graphic
graphics,graphics
saisir,grasp
reconnaissants,grateful
grincement,grating
graves,grave
super,great
uneplusgrande,greater
plusgrand,greatest
grandement,greatly
grandeur,greatness
gourmande,greedy
vert,green
Greene,greene
greg,greg
aaugmenté,grew
gris,grey
chagrin,grief
grim,grim
grip,grip
préhension,gripping
Gritty,gritty
Groove,groove
rainures,grooves
Groovy,groovy
brut,gross
grossièrement,grossly
terre,ground
révolutionnaire,groundbreaking
groupe,group
groupes,groups
grandir,grow
croissante,growing
grandi,grown
pousse,grows
lacroissance,growth
macabre,gruesome
grunge,grunge
garantie,guarantee
garantie,guaranteed
Garde,guard
deviner,guess
deviné,guessed
devinettes,guessing
guest,guest
invités,guests
Guide,guide
coupable,guilty
guitare,guitar
guitariste,guitarist
Guitariste,guitarists
Guitares,guitars
Gulf,gulf
gun,gun
gut,gut
type,guy
guys,guys
gwen,gwen
habitude,habit
habitudes,habits
hack,hack
avait,had
cheveux,hair
moitié,half
àmi-chemin,halfway
Hall,hall
poinçon,hallmark
Hamilton,hamilton
marteau,hammer
Hammond,hammond
main,hand
poignée,handful
manutention,handling
mains,hands
beau,handsome
handy,handy
Hank,hank
arriver,happen
événements,happened
arrive,happens
bonheur,happiness
heureux,happy
dur,hard
hardcore,hardcore
plusdifficile,harder
àpeine,hardly
difficultés,hardships
dommage,harm
harmonies,harmonies
harmonie,harmony
harold,harold
Harriet,harriet
Harris,harris
Harrison,harrison
harry,harry
dures,harsh
Harvard,harvard
a,has
chapeau,hat
détester,hate
haï,hated
Hater,hater
haters,haters
hait,hates
haunting,haunting
avoir,have
ayant,having
ravages,havoc
hawaii,hawaii
il,he
tête,head
mauxdetête,headache
dirigé,headed
rubrique,heading
casque,headphones
têtes,heads
santé,health
sain,healthy
entendre,hear
entendu,heard
audience,hearing
entend,hears
cœur,heart
navrant,heartbreaking
sincères,heartfelt
coeurs,hearts
réconfortant,heartwarming
chaleur,heat
bruyères,heathers
ciel,heaven
lourd,heavier
lourdement,heavily
lourd,heavy
Heck,heck
tenircomptede,heed
taille,height
hauteurs,heights
héritier,heir
tenu,held
enfer,hell
bonjour,hello
aider,help
aidé,helped
intéressant,helpful
aider,helping
aide,helps
parconséquent,hence
henry,henry
Hepburn,hepburn
sa,her
Herbert,herbert
ici,here
héros,hero
Heroes,heroes
héroïque,heroic
héroïne,heroine
héros,heros
lasienne,hers
elle-même,herself
N'hésitez,hesitate
hé,hey
salut,hi
caché,hidden
masquer,hide
cache,hides
cacher,hiding
Hierarchy,hierarchy
haut,high
supérieur,higher
lesplusélevés,highest
mettreenévidence,highlight
Faitssaillants,highlights
hautement,highly
Autoroute,highway
hilarious,hilarious
hilarante,hilariously
Hill,hill
collines,hills
lui,him
lui-même,himself
Hint,hint
Hip,hip
hip-hop,hip-hop
hiphop,hiphop
hippie,hippie
son,his
sifflement,hiss
historien,historian
historique,historical
histoires,histories
histoire,history
toucher,hit
Hits,hits
Hokey,hokey
tenir,hold
détient,holds
trou,hole
trous,holes
vacances,holiday
creux,hollow
hollywood,hollywood
holmes,holmes
Holocauste,holocaust
sainte,holy
hommage,homage
Accueil,home
sans-abri,homeless
devoirs,homework
honnête,honest
honnêtement,honestly
honnêteté,honesty
miel,honey
Honky,honky
honneur,honor
hotte,hood
crochet,hook
crochets,hooks
hop,hop
espérer,hope
espéré,hoped
espoir,hopeful
espérons,hopefully
désespérément,hopelessly
espère,hopes
enespérant,hoping
trémie,hopper
Horn,horn
cornes,horns
horrible,horrendous
horrible,horrible
horriblement,horribly
horrible,horrid
horrifié,horrified
horreur,horror
cheval,horse
hôpital,hospital
hôte,host
chaud,hot
heures,hour
heures,hours
maison,house
desménages,household
comment,how
cependant,however
http,http
énorme,huge
Hugh,hugh
hein,huh
del'homme,human
l'humanité,humanity
humains,humans
humble,humble
fredonnant,humming
humour,humor
humour,humorous
humour,humour
cent,hundred
descentaines,hundreds
blesser,hurt
blesse,hurts
mari,husband
HYPE,hype
hypnotique,hypnotic
hypothèse,hypothesis
hystérique,hysterical
je,i
ie,i.e
idée,idea
idéal,ideal
idées,ideas
identifiés,identified
idéologique,ideological
idiot,idiot
idiot,idiotic
si,if
iggy,iggy
ignorante,ignorant
ignoré,ignored
ignore,ignores
ii,ii
iii,iii
malade,ill
illégales,illegal
illogique,illogical
illustre,illustrates
illustrations,illustrations
im,im
image,image
images,images
imaginable,imaginable
imaginaire,imaginary
imagination,imagination
imaginatif,imaginative
imaginer,imagine
imdb,imdb
imho,imho
imitation,imitation
immature,immature
immédiate,immediate
immédiatement,immediately
immediat,immediatly
immensément,immensely
immergé,immersed
immigrants,immigrant
impact,impact
touchés,impacted
impeccable,impeccable
invraisemblable,implausible
implications,implications
implique,implies
l'importation,import
importance,importance
Important,important
impossible,impossible
impressionner,impress
impressionné,impressed
impression,impression
impressions,impressions
impressionnant,impressive
améliorer,improve
améliorées,improved
amélioration,improvement
dans,in
enprofondeur,in-depth
inexactitudes,inaccuracies
inexacts,inaccurate
inane,inane
inappropriées,inappropriate
inceste,incest
incident,incident
comprennent,include
inclus,included
comprend,includes
ycomprisles,including
incohérent,incoherent
incompétence,incompetence
incompétents,incompetent
incomplète,incomplete
incompréhensible,incomprehensible
incompatibles,inconsistent
incorrecte,incorrect
incorrecte,incorrectly
augmenter,increase
incroyable,incredible
incroyablement,incredibly
Incubus,incubus
eneffet,indeed
indépendance,independence
indépendants,independent
Indiens,indians
indiquer,indicate
indication,indication
indie,indie
indispensable,indispensable
individuels,individual
individus,individuals
indulgent,indulgent
industrielle,industrial
Industrie,industry
inefficace,ineffective
inepte,inept
inévitable,inevitable
peucoûteux,inexpensive
inexplicable,inexplicable
inexplicablement,inexplicably
infâme,infamous
infatué,infatuated
infectieuses,infectious
inférieure,inferior
influence,influence
influencées,influenced
influences,influences
influents,influential
info,info
l'information,information
informative,informative
informé,informed
ingrédients,ingredients
habitants,inhabitants
inhérente,inherent
initiale,initial
initialement,initially
initiative,initiative
innocence,innocence
innocente,innocent
innovantes,innovative
insane,insane
àl'intérieur,inside
Insight,insight
perspicace,insightful
aperçu,insights
fade,insipid
insistance,insistence
l'insomnie,insomnia
inspiration,inspiration
Inspirational,inspirational
Inspirez,inspire
inspiré,inspired
inspirante,inspiring
exemple,instance
Instant,instant
instantanément,instantly
aulieude,instead
Insted,insted
instinct,instinct
instincts,instincts
Institut,institute
instruction,instruction
instructeur,instructor
instrument,instrument
instrumentale,instrumental
Instrumentals,instrumentals
Instrumentation,instrumentation
instruments,instruments
insupportable,insufferable
insulte,insult
insultant,insulting
assurance,insurance
intégrante,integral
l'intégration,integration
intellectuelle,intellectual
intellectuellement,intellectually
renseignement,intelligence
intelligents,intelligent
destinés,intended
intense,intense
intensité,intensity
intention,intention
intentions,intentions
interagir,interact
l'interaction,interaction
interactions,interactions
intérêt,interest
intéressées,interested
intéressant,interesting
intérêts,interests
Interlude,interlude
intermédiaires,intermediate
Internet,internet
interprétation,interpretation
interprétations,interpretations
interview,interview
entretiens,interviews
intimité,intimacy
intimidant,intimidating
dans,into
complexes,intricate
intrigue,intrigue
intrigué,intrigued
intrigant,intriguing
intro,intro
introduit,introduced
introduit,introduces
introduction,introducing
Introduction,introduction
introductions,introductions
introductive,introductory
introspective,introspective
inestimable,invaluable
invasion,invasion
inventé,invented
investi,invested
enquête,investigation
d'enquête,investigative
investisseurs,investors
invisible,invisible
inviter,invite
impliqués,involved
participation,involvement
implique,involves
impliquant,involving
Irlande,ireland
IRIS,iris
ironique,ironic
ironiquement,ironically
ironie,irony
irresponsable,irresponsible
irrité,irritated
Irritant,irritating
est,is
Islam,islam
problème,issue
émis,issued
questions,issues
il,it
Italien,italian
Italiens,italians
Italie,italy
article,item
ses,its
elle-même,itself
iTunes,itunes
iz,iz
ja,ja
Jack,jack
veste,jacket
jackson,jackson
Jacques,jacques
prison,jail
confiture,jam
james,james
confitures,jams
janvier,jan
Japonais,japanese
Jarring,jarring
jason,jason
mâchoire,jaw
mâchoires,jaws
jay,jay
Jazz,jazz
jalousie,jealousy
jean,jean
jeff,jeff
jeffrey,jeffrey
jennifer,jennifer
jesse,jesse
jessica,jessica
jesus,jesus
jet,jet
bijou,jewel
jewish,jewish
Juifs,jews
jim,jim
travail,job
emplois,jobs
joe,joe
john,john
johnny,johnny
johnson,johnson
rejoindre,join
rejoint,joined
mixte,joint
blague,joke
blagues,jokes
Jolie,jolie
jon,jon
jones,jones
joni,joni
Jordanie,jordan
joseph,joseph
journalisme,journalism
journaliste,journalist
voyage,journey
joie,joy
joyeuse,joyful
Judaïsme,judaism
Judas,judas
Judd,judd
juge,judge
juger,judging
julie,julie
Aller,jump
sauté,jumped
jumping,jumping
sauts,jumps
jung,jung
Jungle,jungle
Junk,junk
juste,just
justice,justice
Justification,justification
justifier,justify
mineurs,juvenile
k,k
Kane,kane
karaoké,karaoke
kate,kate
garder,keep
gardien,keeper
maintien,keeping
garde,keeps
keith,keith
kelly,kelly
kennedy,kennedy
gardé,kept
kevin,kevin
clé,key
clavier,keyboard
claviers,keyboards
touches,keys
kick,kick
Kicking,kicking
kicks,kicks
kid,kid
kidding,kidding
Kids,kids
tuer,kill
tué,killed
Killer,killer
Killers,killers
tuer,killing
kim,kim
gentil,kind
Kinda,kinda
roi,king
Kirk,kirk
embrasser,kiss
savait,knew
chevalier,knight
Knock,knock
savoir,know
sachant,knowing
connaissances,knowledge
bieninformés,knowledgeable
connus,known
sait,knows
Kong,kong
Koontz,koontz
Coréen,korean
Korn,korn
Kurosawa,kurosawa
kurt,kurt
l,l
La,l.a
La,la
lab,lab
étiquette,label
Labor,labor
lacé,laced
manquerde,lack
défaut,lacking
terne,lackluster
manque,lacks
Laden,laden
Mesdames,ladies
femme,lady
prévues,laid
laid-back,laid-back
lac,lake
agneaux,lambs
boiteux,lame
Lancaster,lancaster
territoire,land
PointdeRepère,landmark
paysage,landscape
paysages,landscapes
Lane,lane
langue,language
Langues,languages
grand,large
Agrandissez,larger
larry,larry
Las,las
laser,laser
dernier,last
duré,lasted
durable,lasting
enfin,lastly
dure,lasts
enretard,late
récents,lately
plustard,later
plustard,latest
Latin,latin
celui-ci,latter
rire,laugh
risible,laughable
rire,laughing
rires,laughs
laura,laura
droit,law
Pelouse,lawn
lawrence,lawrence
avocat,lawyer
allonger,lay
couche,layer
stratifiés,layered
couches,layers
portant,laying
layout,layout
fixe,lays
paresseux,lazy
Le,le
mener,lead
leader,leader
leader,leading
conduit,leads
Ligue,league
Leap,leap
sauts,leaps
apprendre,learn
appris,learned
l'apprentissage,learning
apprend,learns
minimum,least
laisser,leave
feuilles,leaves
laissant,leaving
conférence,lecture
conduit,led
lee,lee
gauche,left
héritage,legacy
juridique,legal
légende,legend
légendaire,legendary
légitime,legitimate
jambes,legs
Leigh,leigh
longueur,length
longueurs,lengths
longues,lengthy
Lennon,lennon
leonard,leonard
moins,less
moindre,lesser
leçon,lesson
enseignements,lessons
laisser,let
Déception,letdown
permet,lets
lettre,letter
lettres,letters
laissant,letting
niveau,level
niveaux,levels
lewis,lewis
li,li
liam,liam
menteur,liar
libérales,liberal
libéraux,liberals
Bibliothèque,library
Licence,license
Licks,licks
mentir,lie
réside,lies
vie,life
sansvie,lifeless
permanente,lifelong
styledevie,lifestyle
levé,lifted
lumière,light
éclairage,lighting
légèrement,lightly
lafoudre,lightning
lumières,lights
comme,like
sympathique,likeable
aimé,liked
probablement,likely
aime,likes
Demême,likewise
lil,lil
Lily,lily
limitée,limited
limites,limits
ligne,line
line-up,line-up
paquebot,liner
lignes,lines
lien,link
liée,linked
linkin,linkin
lion,lion
lèvres,lips
liste,list
énumérés,listed
écouter,listen
écouté,listened
auditeur,listener
auditeurs,listeners
écoute,listening
Ecoutes,listens
Classement,listing
listes,lists
lite,lite
littéral,literal
littéralement,literally
littéraire,literary
alphabétisés,literate
littérature,literature
jonchée,littered
petit,little
vivre,live
vécu,lived
animée,lively
vit,lives
vivant,living
charger,load
prêt,loan
locales,local
situé,located
emplacement,location
Emplacements,locations
verrouillé,locked
logique,logic
logiquement,logically
Lois,lois
lol,lol
Londres,london
solitude,loneliness
seul,lonely
long,long
delonguehaleine,long-winded
plus,longer
lepluslong,longest
nostalgie,longing
regarder,look
regarda,looked
recherchez,looking
regarde,looks
loose,loose
vaguement,loosely
seigneur,lord
Lore,lore
los,los
perdre,lose
perdant,loser
perd,loses
perdre,losing
perte,loss
perdu,lost
lot,lot
lots,lots
bruyant,loud
louis,louis
pouilleux,lousy
aimable,lovable
aimer,love
aimé,loved
ravissant,lovely
amant,lover
amoureux,lovers
aime,loves
aimer,loving
bas,low
petitbudget,low-budget
faible,lower
plusbas,lowest
loyale,loyal
loyauté,loyalty
lp,lp
LPS,lps
lucas,lucas
chance,luck
Heureusement,luckily
chanceux,lucky
lucy,lucy
ridicule,ludicrous
Lullaby,lullaby
luxuriante,lush
luther,luther
lyrique,lyric
lyrique,lyrical
lyriquement,lyrically
lyrisme,lyricism
Lyrics,lyrics
m,m
mac,mac
machine,machine
fou,mad
fait,made
madonna,madonna
mafia,mafia
Magazine,magazine
maggie,maggie
Magic,magic
magique,magical
magnifique,magnificent
mail,mail
principal,main
essentiellement,mainly
mainstream,mainstream
majeur,major
majorité,majority
faire,make
make-up,make-up
décideurs,makers
rend,makes
faire,making
mâle,male
malveillantes,malevolent
Mall,mall
mama,mama
homme,man
gérer,manage
géré,managed
gestion,management
gestionnaires,managers
gère,manages
obligatoire,mandatory
mandoline,mandolin
manipulation,manipulation
manière,manner
maniérismes,mannerisms
Manuel,manual
plusieurs,many
Plan,map
marc,marc
Mars,march
marilyn,marilyn
marque,mark
marché,market
commercialisés,marketed
marketing,marketing
marchés,markets
marques,marks
marié,married
épouser,marry
Mars,mars
Martha,martha
martin,martin
merveilleux,marvelous
Marvin,marvin
mary,mary
masculin,masculine
massacre,massacre
masses,masses
massives,massive
maître,master
magistral,masterful
magistralement,masterfully
mastering,mastering
chef-d'œuvre,masterpiece
chefs-d'œuvre,masterpieces
maîtrise,mastery
correspondre,match
matériel,material
math,math
importer,matter
matures,mature
maturité,maturity
max,max
mai,may
peut-être,maybe
mc,mc
McCartney,mccartney
McDonald,mcdonald
moi,me
repas,meal
repas,meals
signifier,mean
mesquin,mean-spirited
sens,meaning
desens,meaningless
significations,meanings
signifie,means
signifiait,meant
mesurée,measured
mesures,measures
viande,meat
mécaniques,mechanical
médecine,medicine
médiocre,mediocre
médiocrité,mediocrity
méditation,meditation
rencontrer,meet
réunion,meeting
réunions,meetings
rencontre,meets
mel,mel
mélancolie,melancholy
Mellow,mellow
mélodique,melodic
mélodies,melodies
mélodrame,melodrama
mélodramatique,melodramatic
mélodie,melody
membres,member
membres,members
Memoir,memoir
mémorable,memorable
souvenirs,memories
mémoire,memory
hommes,men
mentale,mental
mentalité,mentality
mention,mention
mentionnés,mentioned
Mentions,mentions
mentor,mentor
menu,menu
simplement,merely
mérite,merit
fond,merits
hypnotisé,mesmerized
désordre,mess
Message,message
Messages,messages
rencontré,met
métal,metal
métaphore,metaphor
métaphores,metaphors
méthode,method
méthodologie,methodology
méthodes,methods
Mexique,mexico
MI,mi
Miami,miami
michael,michael
mick,mick
mi,mid
Moyen,middle
minuit,midnight
milieu,midst
Mifune,mifune
pourrait,might
Mighty,mighty
mike,mike
légèrement,mildly
miles,miles
militaire,military
Miller,miller
millions,million
millions,millions
esprit,mind
Mindless,mindless
étatd'esprit,mindset
mon,mine
Mini,mini
mini-série,mini-series
minime,minimal
minimum,minimum
l'exploitationminière,mining
mineures,minor
minoritaires,minority
mins,mins
minute,minute
minutes,minutes
miroir,mirror
misérablement,miserably
misère,misery
égarés,misguided
induireenerreur,mislead
trompeuse,misleading
manquer,miss
raté,missed
misses,misses
manquant,missing
missy,missy
erreur,mistake
trompe,mistaken
erreurs,mistakes
Mitchell,mitchell
mix,mix
mixtes,mixed
lesmélanges,mixes
demélange,mixing
mélange,mixture
mo,mo
mob,mob
Mobb,mobb
mode,mode
modélisation,modeling
moderne,modern
moule,mold
maman,mom
moment,moment
moments,moments
argent,money
singe,monkey
Mono,mono
monotone,monotonous
monstre,monster
monstres,monsters
mois,month
mois,months
monty,monty
humeur,mood
Moody,moody
lune,moon
morale,moral
morale,morality
plus,more
deplus,moreover
morgan,morgan
matin,morning
Moron,moron
abrutis,morons
Morris,morris
morrison,morrison
mortel,mortal
plupart,most
surtout,mostly
mère,mother
mères,mothers
motion,motion
moto,motorcycle
montagne,mountain
montagnes,mountains
bouche,mouth
bouger,move
déménagé,moved
mouvements,movements
sedéplace,moves
movi,movi
film,movie
Films,movies
déplacement,moving
mp3,mp3
mr,mr
mrs,mrs
ms,ms
MTV,mtv
beaucoup,much
boueux,muddy
multiples,multiple
momie,mummy
mondaine,mundane
assassiner,murder
assassiné,murdered
meurtriers,murderers
Murray,murray
musique,music
musicale,musical
musicalement,musically
musicien,musician
musiciens,musicians
musicalité,musicianship
Musulmans,muslims
devoir,must
must-have,must-have
Àlireabsolument,must-read
àvoirabsolument,must-see
sourdine,muted
mon,my
Myers,myers
myriade,myriad
moi-même,myself
mystères,mysteries
mystérieux,mysterious
mystère,mystery
mythes,myths
n,n
clou,nail
naïf,naive
nu,naked
nom,name
nommée,named
àsavoir,namely
noms,names
nanny,nanny
récit,narrative
narrateur,narrator
nas,nas
nasales,nasal
nation,nation
nationaux,national
indigènes,native
naturel,natural
naturellement,naturally
nature,nature
naviguer,navigate
Marine,navy
nazis,nazis
NBC,nbc
prèsde,near
prèsde,nearly
nécessairement,necessarily
nécessaires,necessary
cou,neck
avoirbesoinde,need
nécessaire,needed
besoins,needs
Neeson,neeson
Négatif,negative
négativement,negatively
quartier,neighborhood
voisins,neighbors
Neil,neil
nonplus,neither
nelly,nelly
nelson,nelson
neveu,nephew
nerfs,nerves
nerveux,nervous
nid,nest
réseau,network
nevada,nevada
jamais,never
néanmoins,nevertheless
nouveau,new
nouveauvenu,newcomer
plusrécent,newest
nouvellement,newly
newman,newman
nouvelles,news
journal,newspaper
suivant,next
beau,nice
Nicholson,nicholson
nick,nick
Nielsen,nielsen
nuit,night
cauchemar,nightmare
nuits,nights
neuf,nine
Nineties,nineties
niro,niro
non,no
nobody,nobody
Noir,noir
bruit,noise
nolte,nolte
nommés,nominated
miseencandidature,nomination
non,non
inexistantes,non-existent
non-stop,non-stop
aucun,none
néanmoins,nonetheless
nonsense,nonsense
absurde,nonsensical
nope,nope
ni,nor
nora,nora
normal,normal
normalement,normally
norman,norman
nord,north
nez,nose
nostalgie,nostalgia
nostalgie,nostalgic
pas,not
notable,notable
notamment,notably
notch,notch
Note,note
notes,notes
rien,nothing
Avis,notice
remarqué,noticed
roman,novel
romans,novels
novice,novice
maintenant,now
nullepart,nowhere
nuancée,nuanced
nuances,nuances
nucléaire,nuclear
nude,nude
nudité,nudity
Numéro,number
numéros,numbers
nombreuses,numerous
nun,nun
infirmière,nurse
pépinière,nursery
noix,nuts
nwa,nwa
o,o
objets,objects
obligatoire,obligatory
odieux,obnoxious
observations,observations
observation,observing
obsédé,obsessed
obsessionnel,obsessive
obsolètes,obsolete
obtenir,obtain
obtenus,obtained
évident,obvious
évidemment,obviously
occasionnelle,occasional
occasions,occasions
occupation,occupation
seproduit,occurs
océan,ocean
Octobre,october
étrange,odd
étrangement,oddly
Chances,odds
Ode,ode
de,of
horstension,off
offbeat,offbeat
offensive,offensive
offre,offer
offrant,offering
offres,offerings
offre,offers
Bureau,office
officiellement,officially
fonctionnaires,officials
souvent,often
souvent,oftentimes
Oh!,oh
Ohio,ohio
d'accord,ok
okay,okay
ol,ol
vieux,old
âgées,older
Lesplusanciens,oldest
Olds,olds
omission,omission
omet,omits
sur,on
unefois,once
un,one
one-dimensional,one-dimensional
one-sided,one-sided
les,ones
encours,ongoing
uniquement,only
ouvert,open
opener,opener
ouverture,opening
ouvertement,openly
Opera,opera
avis,opinion
opinions,opinions
adversaire,opponent
opportunité,opportunity
opposé,opposite
oppression,oppression
option,option
options,options
ou,or
orchestre,orchestra
orchestre,orchestral
ordre,order
classés,ordered
commander,ordering
ordinaire,ordinary
organe,organ
organisation,organization
organisée,organized
organiser,organizing
orientée,oriented
origine,origin
original,original
originalité,originality
l'origine,originally
originaux,originals
Oscar,oscar
Oscars,oscars
autre,other
d'autres,others
sinon,otherwise
doit,ought
notre,our
nous-mêmes,ourselves
dehors,out
dépassées,outdated
Outlaw,outlaw
expose,outlines
sortie,output
Vainqueur,outright
àl'extérieur,outside
encirculation,outstanding
par-dessus,over
over-the-top,over-the-top
overacting,overacting
global,overall
négliger,overlook
négligé,overlooked
trop,overly
overplayed,overplayed
surproduite,overproduced
overrated,overrated
d'outre-mer,overseas
présentation,overview
devons,owe
owen,owen
doit,owes
posséder,own
Occasion,owned
propriétaires,owners
posséder,owning
p,p
ps,p.s
rythme,pace
paced,paced
Pacifique,pacific
pacino,pacino
Pack,pack
forfait,package
forfaits,packages
emballage,packaging
emballés,packed
Page,page
pages,pages
payés,paid
douleur,pain
douloureux,painful
péniblement,painfully
peinture,paint
peint,painted
peintre,painter
peintures,paintings
paire,pair
palais,palace
pâle,pale
Panther,panther
pants,pants
papier,paper
Broché,paperback
Documents,papers
par,par
Parade,parade
paradigme,paradigm
paradis,paradise
point,paragraph
points,paragraphs
parent,parent
lesparents,parents
paris,paris
Park,park
Stationnement,parking
parodie,parody
Partie,part
participants,participants
participer,participate
particulier,particular
particulièrement,particularly
partenaire,partner
Pièces,parts
fête,party
pass,pass
passage,passage
passages,passages
passé,passed
passant,passing
passion,passion
passionné,passionate
passé,past
pasteur,pastor
manifestement,patently
chemin,path
pathétique,pathetic
patience,patience
patricia,patricia
Patterson,patterson
paul,paul
payer,pay
payer,paying
pc,pc
paix,peace
pacifique,peaceful
pic,peak
Pearl,pearl
pédale,pedal
piétons,pedestrian
pairs,peers
parqué,penned
Penny,penny
gens,people
peuples,peoples
poivre,pepper
par,per
pourcentage,percentage
percussions,percussion
parfait,perfect
perfection,perfection
parfaitement,perfectly
réaliser,perform
représentation,performance
spectacles,performances
effectué,performed
interprète,performer
artistesinterprètesouexécutants,performers
spectacle,performing
exécute,performs
peut-être,perhaps
période,period
personne,person
personnelle,personal
personnalités,personalities
personnalité,personality
personnellement,personally
perspective,perspective
pervers,perverse
pet,pet
peter,peter
Animauxdecompagnie,pets
petits,petty
pg,pg
Ph.D,ph.d
phénoménal,phenomenal
phil,phil
philharmonique,philharmonic
philosophiques,philosophical
philosophie,philosophy
Téléphone,phone
photo,photo
photographié,photographed
photographies,photographs
Photographie,photography
Photos,photos
Phrases,phrases
phrasé,phrasing
physique,physical
pianiste,pianist
piano,piano
Pick,pick
picked,picked
picking,picking
Médiator,picks
image,picture
photos,pictures
tarte,pie
morceau,piece
pièces,pieces
Pierce,pierce
Pigeon,pigeon
Pilates,pilates
pile,pile
rose,pink
pionniers,pioneers
tuyaux,pipes
lapidaire,pithy
pitoyable,pitiful
pitt,pitt
pitié,pity
placer,place
placée,placed
places,places
mise,placing
peste,plague
plaine,plain
plan,plan
avion,plane
Planet,planet
prévues,planned
planification,planning
plans,plans
usine,plant
plantes,plants
plastique,plastic
Platine,platinum
jouer,play
joué,played
Player,player
joueurs,players
ludique,playful
jouer,playing
joue,plays
agréable,pleasant
agréablement,pleasantly
s'ilvousplaît,please
heureux,pleased
plaisir,pleasure
abondance,plenty
complot,plot
intrigue,plotline
parcelles,plots
plus,plus
poème,poem
poète,poet
poétique,poetic
poésie,poetry
poignante,poignant
point,point
a,pointed
pointeurs,pointers
inutile,pointless
points,points
police,police
politiques,policies
politique,policy
poli,polished
politique,political
politiciens,politicians
politique,politics
pompeux,pompous
pauvre,poor
mal,poorly
Pop,pop
pop-rock,pop-rock
pavot,poppy
populaires,popular
porn,porn
partie,portion
Portrait,portrait
représentation,portrayal
dépeint,portrayed
dépeignant,portraying
posés,posed
Poser,poser
pose,poses
position,position
positif,positive
positivement,positively
posséder,possess
possibilités,possibilities
possible,possible
éventuellement,possibly
post,post
Posté,posted
pot,pot
potentiels,potential
Pound,pound
martèlement,pounding
puissance,power
puissant,powerful
pratique,practical
pratiquement,practically
pratique,practice
pratiques,practices
louange,praise
Pratchett,pratchett
prier,pray
prière,prayer
prières,prayers
précise,precise
prédécesseur,predecessor
prévisible,predictable
Préface,preface
préfèrent,prefer
depréférence,preferably
Preferred,preferred
préfère,prefers
préjudice,prejudice
Premier,premier
prémisse,premise
locaux,premises
préparation,preparing
saugrenue,preposterous
présence,presence
actuel,present
Présentation,presentation
Présentations,presentations
présenté,presented
présentant,presenting
présente,presents
préserver,preserve
préservé,preserved
Président,president
présidentielle,presidential
Presse,press
pression,pressure
prestigieuse,prestigious
vraisemblablement,presumably
fairesemblant,pretend
prétentieux,pretentious
joli,pretty
prévenir,prevent
Précédent,previous
précédemment,previously
proie,prey
prix,price
inestimable,priceless
prix,prices
principalement,primarily
primaire,primary
princesse,princess
principes,principles
Imprimer,print
impression,printing
avant,prior
prison,prison
prisonnier,prisoner
prisonniers,prisoners
privé,private
Pro,pro
probablement,probably
problème,problem
problèmes,problems
processus,process
processus,processes
produire,produce
produites,produced
producteur,producer
producteurs,producers
produire,producing
produit,product
production,production
produits,products
prof,prof
blasphématoire,profanity
professionnels,professional
Professeur,professor
profonde,profound
prog,prog
programme,program
programmeurs,programmers
progrès,progress
progression,progression
progressive,progressive
projet,project
prolifique,prolific
Prom,prom
éminent,prominent
promis,promised
prometteurs,promising
promouvoir,promote
promu,promoted
invité,prompted
preuve,proof
propagande,propaganda
bon,proper
correctement,properly
propriétés,properties
propriété,property
proportion,proportion
prose,prose
protagoniste,protagonist
protéger,protect
protéines,protein
protester,protest
fier,proud
prouver,prove
prouvé,proved
prouve,proves
fournir,provide
fourni,provided
fournit,provides
fournissant,providing
provoquant,provoking
ps,ps
psychedelic,psychedelic
psychiatre,psychiatrist
psychique,psychic
psycho,psycho
psychologiques,psychological
psychologue,psychologist
public,public
Publication,publication
publicité,publicity
publiés,published
Editeur,publisher
Publishing,publishing
pull,pull
tiré,pulled
traction,pulling
pulsatoire,pulsating
impulsions,pulse
pun,pun
Punch,punch
ponctuation,punctuation
Punk,punk
punks,punks
marionnettes,puppet
acheter,purchase
acheté,purchased
d'achat,purchasing
pur,pure
purement,purely
but,purpose
fins,purposes
poursuivre,pursue
poursuivant,pursuing
poursuite,pursuit
push,push
poussé,pushed
pousser,pushing
mettre,put
met,puts
mettre,putting
Quaid,quaid
qualifiés,qualified
qualités,qualities
qualité,quality
Quartet,quartet
queen,queen
quête,quest
question,question
questions,questions
Quick,quick
rapidement,quickly
calme,quiet
Quintet,quintet
quit,quit
assez,quite
quo,quo
citer,quote
Cours,quotes
encitant,quoting
r,r
r&b,r&b
RIP,r.i.p
rabbin,rabbi
lapin,rabbit
course,race
races,races
raciste,racist
radicale,radical
Radio,radio
rage,rage
pluie,rain
pluvieux,rainy
élever,raise
soulevé,raised
soulève,raises
Ralph,ralph
divaguer,ramble
randonnées,rambling
courut,ran
Rand,rand
aléatoire,random
randy,randy
gamme,range
Rant,rant
ranting,ranting
rap,rap
viol,rape
violées,raped
rapidement,rapidly
rappeur,rapper
rappeurs,rappers
rapping,rapping
ravissement,rapture
rares,rare
rarement,rarely
taux,rate
nominale,rated
taux,rates
plutôt,rather
Note,rating
evaluations,ratings
Ratio,ratio
rationnelle,rational
Raving,raving
cru,raw
ray,ray
raymond,raymond
rca,rca
remastérisée,re-mastered
ré-enregistré,re-recorded
atteindre,reach
atteint,reached
réagir,react
réaction,reaction
réactions,reactions
lire,read
lisibles,readable
lecteur,reader
lecteurs,readers
lecture,reading
lectures,readings
lectures,reads
prêt,ready
réel,real
dumonderéel,real-world
réaliser,realise
réalistes,realistic
réaliste,realistically
réalités,realities
réalité,reality
réaliser,realize
réalisé,realized
vraiment,really
arrière,rear
laraison,reason
raisonnablement,reasonably
raisons,reasons
Reba,reba
rebelle,rebel
recommander,reccomend
recevoir,receive
reçues,received
reçoit,receives
récents,recent
récemment,recently
reçues,recieved
recette,recipe
Recettes,recipes
reconnaissance,recognition
reconnaissables,recognizable
reconnaître,recognize
recommander,recomend
recommander,recommend
recommandations,recommendations
recommandé,recommended
concilier,reconcile
record,record
enregistrées,recorded
enregistrement,recording
enregistrements,recordings
dossiers,records
recréer,recreate
recyclé,recycled
rouge,red
racheter,redeem
rédempteur,redeeming
Redgrave,redgrave
réduire,reduce
réduit,reduces
redondante,redundant
renvoyer,refer
deréférence,reference
références,references
reflété,reflected
réflexion,reflection
réflexions,reflections
réfléchissants,reflective
rafraîchissant,refreshing
restitution,refund
refuser,refuse
refusé,refused
refusant,refusing
observer,regard
considérée,regarded
concernant,regarding
indifféremment,regardless
observe,regards
région,region
regret,regret
ordinaire,regular
regularly,regularly
rehash,rehash
renforce,reinforces
Réédition,reissue
réédité,reissued
rapportent,relate
connexes,related
rapporte,relates
relations,relations
relation,relationship
relations,relationships
relative,relative
relativement,relatively
Détente,relax
détente,relaxing
version,release
Paru,released
Communiquésdepresse,releases
pertinente,relevant
fiable,reliable
lareligion,religion
religieuses,religious
revivre,relive
s'appuyant,relying
rester,remain
resté,remained
restants,remaining
reste,remains
remake,remake
remakes,remakes
remarquable,remarkable
remarquablement,remarkably
remarques,remarks
remasterisé,remastered
remastérisation,remastering
sesouvenir,remember
rappeler,remembered
sesouvient,remembers
rappeler,remind
rappelé,reminded
rappel,reminder
rappelle,reminds
remix,remix
remixes,remixes
àdistance,remotely
supprimer,remove
rendre,render
«restitutions»,rendition
renommée,renowned
louer,rent
loués,rented
location,renting
répéter,repeat
répétées,repeated
répéter,repeating
répète,repeats
répétition,repetition
répétitifs,repetitive
remplacer,replace
remplacé,replaced
deremplacement,replacement
rapport,report
rapports,reporting
représentent,represent
représentant,representative
représentée,represented
représente,represents
République,republic
républicaine,republican
répugnant,repulsive
réputation,reputation
nécessaire,required
sauvetage,rescue
rechercher,research
recherché,researched
chercheur,researcher
recherche,researching
ressemble,resembles
résister,resist
résoudre,resolve
résolues,resolved
ressources,resource
respect,respect
respectable,respectable
respectivement,respectively
responsable,responsible
repos,rest
Restaurant,restaurant
Restaurants,restaurants
restauré,restored
suite,result
résultats,results
retardé,retarded
retraite,retreat
retour,return
retour,returned
Retours,returns
révéler,reveal
révélant,revealing
révèle,reveals
larévélation,revelation
vengeance,revenge
reverb,reverb
Reverse,reverse
vérifier,review
revue,reviewed
examinateur,reviewer
commentateurs,reviewers
commentaires,reviews
révisionnistes,revisionist
révoltant,revolting
révolution,revolution
révolutionnaire,revolutionary
enrichissante,rewarding
rhétoriques,rhetorical
Comptines,rhymes
rythme,rhythm
rythmes,rhythms
riche,rich
richard,richard
plusriches,richer
débarrasser,rid
conduire,ride
coureur,rider
manèges,rides
ridicule,ridiculous
ridiculement,ridiculously
circonscription,riding
Riff,riff
riffs,riffs
droit,right
droits,rights
rio,rio
émeute,riot
RIP,rip
rip-off,rip-off
ripoff,ripoff
déchiré,ripped
selever,rise
lahausse,rising
risques,risks
route,road
rob,rob
volé,robbed
volqualifié,robbery
robert,robert
Robin,robin
Robot,robot
Rock,rock
rocker,rocker
Rockers,rockers
fusée,rocket
roches,rocks
Rocky,rocky
Rodgers,rodgers
roger,roger
Rogers,rogers
rôle,role
rôles,roles
roll,roll
roller,roller
roulant,rolling
Roman,roman
Romance,romance
romantique,romantic
ROME,rome
romero,romero
ronald,ronald
Ronnie,ronnie
toit,roof
chambre,room
colocation,roommate
root,root
racines,roots
rose,rose
ross,ross
pourri,rotten
dur,rough
environ,roughly
ronde,round
Rourke,rourke
Route,route
ligne,row
Roy,roy
Royal,royal
ordures,rubbish
ruine,ruin
ruinée,ruined
ruiner,ruining
ruines,ruins
Règle,rule
règles,rules
courir,run
run-of-the-mill,run-of-the-mill
encoursd'exécution,running
exécute,runs
Rush,rush
précipitèrent,rushed
Russell,russell
impitoyable,ruthless
Ryder,ryder
s,s
sacrifice,sacrifice
triste,sad
Sade,sade
tristement,sadly
tristesse,sadness
ensécurité,safe
sécurité,safety
dit,said
souci,sake
vente,sale
Sally,sally
Salsa,salsa
même,same
échantillon,sample
Sampler,sampler
échantillons,samples
d'échantillonnage,sampling
san,san
sandra,sandra
Sang,sang
santa,santa
Santana,santana
Sappy,sappy
sarah,sarah
sam.,sat
satire,satire
satisfaisant,satisfying
samedi,saturday
sauver,save
sauvé,saved
sauve,saves
l'épargne,saving
scier,saw
Saxophone,saxophone
dire,say
disant,saying
dit,says
effrayer,scare
effrayé,scared
effraie,scares
effrayant,scarier
scary,scary
dispersés,scattered
scénario,scenario
scène,scene
Décor,scenery
scènes,scenes
calendrier,schedule
régime,scheme
école,school
Sci-Fi,sci-fi
Science,science
scientifique,scientific
scientifique,scientist
étendue,scope
Score,score
marqué,scored
scores,scores
scott,scott
Scratch,scratch
gratter,scratching
scratchy,scratchy
hurler,screaming
cris,screams
écran,screen
Scénario,screenplay
Screwball,screwball
script,script
Ecriture,scripture
Écritures,scriptures
rouleau,scroll
mer,sea
recherche,search
Searching,searching
mer,seas
saison,season
saisons,seasons
Seattle,seattle
seconde,second
d'autrepart,secondly
seconde,seconds
secret,secret
Secrétaire,secretary
secrets,secrets
section,section
sections,sections
sécurisé,secure
séduction,seductive
voir,see
semences,seed
voyant,seeing
rechercher,seek
cherche,seeking
cherche,seeks
semblent,seem
semblait,seemed
semble,seems
vu,seen
voit,sees
segment,segment
sélectionnés,selected
sélection,selection
sélections,selections
auto,self
self-indulgent,self-indulgent
égocentriques,self-serving
égoïste,selfish
vendre,sell
vendeur,seller
vendre,selling
vend,sells
séminales,seminal
envoyer,send
d'envoi,sending
envoie,sends
sens,sense
sensibilité,sensibility
sensibles,sensitive
sensuelle,sensual
envoyé,sent
phrase,sentence
phrases,sentences
sentiment,sentiment
sentiments,sentiments
Sepultura,sepultura
suite,sequel
séquelles,sequels
séquence,sequence
séquences,sequences
série,series
graves,serious
sérieusement,seriously
serviteur,servant
servi,served
service,service
session,session
sessions,sessions
définir,set
set-up,set-up
ensembles,sets
paramètre,setting
Paramètres,settings
régler,settle
sept,seven
septième,seventh
soixante-dix,seventies
plusieurs,several
sévère,severe
sévèrement,severely
sexe,sex
sexistes,sexist
sexuelle,sexual
sexy,sexy
ombre,shade
ombre,shadow
ombres,shadows
ombragé,shady
shake,shake
Shakespeare,shakespeare
fragile,shaky
peuprofondes,shallow
honte,shame
forme,shape
partager,share
part,shares
partage,sharing
tranchant,sharp
elle,she
hangar,shed
pure,sheer
shérif,sheriff
déplacement,shift
Shine,shine
brille,shines
brillant,shining
expédier,ship
expédiées,shipped
expédition,shipping
habituellement,ships
choc,shock
choqué,shocked
choquant,shocking
chaussures,shoes
shoot,shoot
Tir,shooting
pousses,shoots
Shop,shop
Shopping,shopping
court,short
pluscourte,shorter
peudetemps,shortly
tir,shot
plans,shots
devrait,should
criant,shouting
montrer,show
vitrines,showcases
Showdown,showdown
montré,showed
sedoucher,shower
montrant,showing
montré,shown
montre,shows
malade,sick
maladie,sickness
côté,side
Sidekick,sidekick
côtés,sides
Sidney,sidney
S'inscrire,sign
signé,signed
signification,significance
signes,signs
silence,silence
silencieuse,silent
débile,silly
Argent,silver
similaires,similar
Demême,similarly
simple,simple
simplicité,simplicity
simpliste,simplistic
toutsimplement,simply
simpson,simpson
simultanément,simultaneously
sin,sin
depuis,since
sincère,sincere
sincèrement,sincerely
chanter,sing
chanteur,singer
chanteurs,singers
chanter,singing
célibataire,single
Singles,singles
chante,sings
couler,sink
Sissy,sissy
soeur,sister
sœurs,sisters
sit,sit
site,site
sites,sites
séance,sitting
situation,situation
situations,situations
six,six
sixième,sixth
sixties,sixties
taille,size
detaille,sized
tailles,sizes
squelette,skeleton
biaisé,skewed
qualification,skill
qualifiés,skilled
habilement,skillfully
qualifications,skills
écrémé,skimmed
peau,skin
sauter,skip
skipping,skipping
sketches,skits
ciel,sky
slang,slang
slap,slap
slavey,slave
esclaves,slaves
dormir,sleep
dormir,sleeping
légèrement,slightly
mince,slim
slip,slip
sloppy,sloppy
lent,slow
pluslent,slower
lentement,slowly
ralentit,slows
Sly,sly
petit,small
pluspetits,smaller
intelligent,smart
intelligemment,smarter
Smash,smash
Smashing,smashing
odeur,smell
sourire,smile
Smith,smith
fumée,smoke
Smokin,smokin
fumer,smoking
doux,smooth
endouceur,smoothly
Frimeur,smug
Sneak,sneak
Snipes,snipes
SNL,snl
neige,snow
ainsi,so
soi-disant,so-called
so-so,so-so
laflambéedes,soaring
sociale,social
lesocialisme,socialism
société,society
soft,soft
softcore,softcore
plusdoux,softer
Software,software
vendu,sold
uniquement,solely
solide,solid
solo,solo
solo,soloing
solistes,soloists
solos,solos
solution,solution
résoudre,solve
résolu,solved
sombre,somber
quelques,some
quelqu'un,somebody
Someday,someday
enquelquesorte,somehow
quelqu'un,someone
quelquechose,something
parfois,sometimes
unpeu,somewhat
quelquepart,somewhere
fils,son
chanson,song
Songbook,songbook
chansons,songs
songwriter,songwriter
auteurs-compositeurs,songwriters
songwriting,songwriting
Sonic,sonic
sonny,sonny
sony,sony
bientôt,soon
tôt,sooner
soooo,soooo
apaisant,soothing
sophomoric,sophomoric
cruellement,sorely
désolé,sorry
trier,sort
sortes,sorts
âme,soul
Soulful,soulful
sansâme,soulless
âmes,souls
sonore,sound
sonné,sounded
sondage,sounding
sons,sounds
Soundtrack,soundtrack
source,source
sources,sources
sud,south
sud,southern
soviet,soviet
l'espace,space
Espagne,spain
span,span
derechange,spare
étincelle,spark
clairsemée,sparse
parler,speak
parlant,speaking
parle,speaks
spéciales,special
spécialement,specially
spécifiques,specific
spectaculaire,spectacular
spectre,spectrum
vitesse,speed
sort,spell
orthographe,spelling
dépenser,spend
dépenses,spending
dépense,spends
passé,spent
Spider,spider
spin,spin
spinal,spinal
rachis,spine
lafilature,spinning
esprit,spirit
Spirited,spirited
spirituelle,spiritual
spiritualité,spirituality
Malgré,spite
splendide,splendid
diviser,split
gâté,spoiled
Aileron,spoiler
parlé,spoke
parlée,spoken
spontanée,spontaneous
Sports,sports
place,spot
Spotlight,spotlight
conjoint,spouse
épandage,spreading
Spree,spree
printemps,spring
saupoudré,sprinkled
squeeze,squeeze
srv,srv
SS,ss
st,st
équipe,staff
stade,stage
rassis,stale
Stallone,stallone
Stan,stan
êtredebout,stand
stand-up,stand-up
Standard,standard
normes,standards
permanent,standing
standout,standout
standouts,standouts
pointdevue,standpoint
peuplements,stands
Stanley,stanley
discontinues,staple
étoile,star
regarder,staring
Stark,stark
Mettantenvedette,starring
étoiles,stars
démarrer,start
commencé,started
démarreurs,starters
partir,starting
surprenante,startling
commence,starts
état,state
adéclaré,stated
déclaration,statement
déclarations,statements
Etats,states
statique,static
Gare,station
état,status
rester,stay
rester,staying
séjours,stays
stable,steady
voler,steal
voler,stealing
vapeur,steam
acier,steel
Steely,steely
piloter,steer
stellaire,stellar
étape,step
stephen,stephen
stéréo,stereo
stéréotype,stereotype
lesstéréotypes,stereotypes
stéréotypés,stereotypical
sterling,sterling
steve,steve
steven,steven
stevie,stevie
stewart,stewart
coller,stick
coller,sticking
bâtons,sticks
raide,stiff
immobile,still
Stiller,stiller
guindé,stilted
stimuler,stimulate
salaud,stinker
pue,stinks
remuant,stirring
stock,stock
chauffeur,stoker
gagné,stole
estomac,stomach
pierre,stone
debout,stood
arrêter,stop
stocker,store
magasins,stores
histoires,stories
tempête,storm
histoire,story
storyline,storyline
canevas,storylines
conteur,storyteller
droit,straight
simple,straightforward
détroits,straits
étrange,strange
étrangement,strangely
étrangers,strangers
paille,straw
rue,street
force,strength
stress,stress
stretch,stretch
lesgrèves,strikes
frappant,striking
string,string
strings,strings
dépouillé,stripped
accidentsvasculairescérébraux,strokes
fort,strong
forte,stronger
plusfort,strongest
vivement,strongly
frappé,struck
structure,structure
structures,structures
lutte,struggle
lutté,struggled
luttes,struggles
luttent,struggling
Stuart,stuart
bloqué,stuck
étudiant,student
étudiants,students
études,studies
Studio,studio
étude,study
étudiant,studying
affaires,stuff
farcies,stuffed
trébuche,stumbles
étourdi,stunned
étourdissement,stunning
stupide,stupid
stupide,stupidest
bêtise,stupidity
style,style
styles,styles
élégant,stylish
modérée,subdued
sujet,subject
soumis,subjected
subjective,subjective
sujets,subjects
présentation,submission
envoyer,submit
soumis,submitted
subpar,subpar
subplot,subplot
ultérieures,subsequent
substance,substance
sous-titres,subtitles
subtil,subtle
réussi,succeeded
succèdeà,succeeds
succès,success
réussie,successful
avecsuccès,successfully
tel,such
sucer,suck
sucé,sucked
sucks,sucks
soudaine,sudden
subitement,suddenly
souffrent,suffer
subi,suffered
souffrance,suffering
suffisante,sufficient
suggèrent,suggest
suggéré,suggested
suggestion,suggestion
suggère,suggests
suicide,suicide
costume,suit
Suite,suite
adapté,suited
somme,sum
Sommaire,summary
été,summer
soleil,sun
chanté,sung
leverdusoleil,sunrise
Coucherdusoleil,sunset
super,super
superbe,superb
superbement,superbly
superficielle,superficial
supérieure,superior
surnaturel,supernatural
Superstar,superstar
Supplément,supplement
fournitures,supplies
fournir,supply
soutenir,support
soutenir,supporting
Supposons,suppose
supposé,supposed
supposément,supposedly
suprême,supreme
certain,sure
sûrement,surely
surface,surface
chirurgie,surgery
surprise,surprise
surpris,surprised
surprises,surprises
surprenant,surprising
surprenant,surprisingly
cession,surrender
surround,surround
entouré,surrounded
Environs,surroundings
desurvie,survival
survivre,survive
survécu,survived
survivant,survivor
suspect,suspect
suspectée,suspected
suspendre,suspend
suspense,suspense
suspense,suspenseful
suspension,suspension
suspectes,suspicious
avaler,swallow
sueur,sweat
sucré,sweet
nager,swim
Swing,swing
balancer,swinging
basculer,switch
épée,sword
symbolisme,symbolism
sympathique,sympathetic
symphonique,symphonic
symphonies,symphonies
symphonie,symphony
symptômes,symptoms
Lesyndrome,syndrome
Synth,synth
synthétiseur,synthesizer
synthés,synths
système,system
t,t
tv,t.v
table,table
tactiques,tactics
tad,tad
prendre,take
prise,taken
a,takes
entenant,taking
conte,tale
talent,talent
talentueux,talented
sanstalent,talentless
talents,talents
contes,tales
parler,talk
parlé,talked
parler,talking
entretiens,talks
Appuyezsur,tap
bande,tape
bandes,tapes
cible,target
tarot,tarot
goûter,taste
debongoût,tasteful
goûts,tastes
savoureux,tasty
taxes,taxes
Taylor,taylor
thé,tea
enseigner,teach
professeur,teacher
enseignants,teachers
enseigne,teaches
l'enseignement,teaching
équipe,team
lacrymogène,tear
larmes,tears
Tech,tech
techniques,technical
technique,technique
techniques,techniques
latechnologie,technology
Ted,ted
fastidieux,tedious
chezlesadolescentes,teenage
adolescent,teenager
adolescents,teenagers
Teens,teens
dents,teeth
télévision,television
dire,tell
raconter,telling
raconte,tells
tempo,tempo
temporaire,temporary
dix,ten
tendances,tendencies
tendance,tendency
appeld'offres,tender
tend,tends
ténor,tenor
tendue,tense
tension,tension
dixième,tenth
terme,term
Terminator,terminator
terminologie,terminology
termes,terms
terrible,terrible
terriblement,terribly
terrible,terrific
terrifiant,terrifying
territoire,territory
terreur,terror
Terry,terry
tester,test
Testament,testament
témoignage,testimony
test,testing
essais,tests
texas,texas
Texte,text
textes,texts
tha,tha
que,than
merci,thank
merci,thanks
que,that
thats,thats
le,the
théâtre,theater
Théâtre,theatre
leur,their
laleur,theirs
eux,them
thème,theme
Thèmes,themes
eux-mêmes,themselves
puis,then
théologiques,theological
théories,theories
théorie,theory
thérapeute,therapist
thérapie,therapy
làbas,there
parconséquent,therefore
ces,these
thèse,thesis
ils,they
épais,thick
voleur,thief
leur,thier
fin,thin
chose,thing
choses,things
penser,think
penseur,thinker
pensée,thinking
pense,thinks
troisième,third
treize,thirteen
cet,this
thomas,thomas
Thompson,thompson
approfondie,thorough
àfond,thoroughly
ces,those
malgré,though
pensée,thought
réfléchie,thoughtful
pensées,thoughts
menace,threat
trois,three
jeta,threw
frisson,thrill
ravis,thrilled
Thriller,thriller
Thrillers,thrillers
passionnant,thrilling
frissons,thrills
via,through
partoutdans,throughout
jeter,throw
jeter,throwing
jetés,thrown
via,thru
Thug,thug
Thugs,thugs
Thurman,thurman
donc,thus
billet,ticket
liens,ties
serré,tight
til,til
till,till
Tim,tim
heure,time
intemporel,timeless
entempsopportun,timely
fois,times
calendrier,timing
Timothy,timothy
tiny,tiny
Astuce,tip
Conseils,tips
pneu,tire
fatigué,tired
ennuyeux,tiresome
fatigant,tiring
Titre,title
intitulé,titled
à,to
aujourd'hui,today
todd,todd
Toddler,toddler
ensemble,together
dit,told
tolérable,tolerable
tom,tom
tommy,tommy
ton,tone
cesoir,tonight
tonnes,tons
tony,tony
aussi,too
pris,took
outil,tool
outils,tools
haut,top
Sujet,topic
Thèmes,topics
surmonté,topped
torture,torture
toss,toss
Total,total
totalement,totally
contact,touch
touché,touched
touche,touches
toucher,touching
résistant,tough
Tour,tour
Touring,touring
touristique,tourist
vers,toward
vers,towards
tour,tower
ville,town
villes,towns
Jouets,toys
trace,trace
piste,track
pistes,tracks
tracy,tracy
commerce,trade
marque,trademark
commerçants,traders
commercial,trading
tradition,tradition
traditionnelles,traditional
trafic,traffic
tragédie,tragedy
tragique,tragic
tragiquement,tragically
remorque,trailer
train,train
formateur,trainer
formation,training
transfert,transfer
transformation,transformation
transformé,transformed
transforme,transforms
Traduction,translation
piège,trap
piégé,trapped
trash,trash
Voyage,travel
voyager,travelling
voyages,travels
travestissement,travesty
trésor,treasure
traiter,treat
traités,treated
traitement,treatment
traitements,treatments
arbres,trees
Trek,trek
formidable,tremendous
tendances,trends
Triangle,triangle
tribales,tribal
tribulation,tribulation
hommage,tribute
trick,trick
essayé,tried
essaie,tries
Trio,trio
voyage,trip
tripiers,tripe
trippy,trippy
banal,trite
triomphe,triumph
trivial,trivial
problème,trouble
troublé,troubled
troubles,troubles
camion,truck
VRAI,true
vraiment,truly
Truman,truman
trompette,trumpet
confiance,trust
confiance,trusted
vérité,truth
vérités,truths
essayer,try
essaie,trying
tune,tune
tuned,tuned
tunes,tunes
tupac,tupac
tour,turn
tourna,turned
tournant,turning
tourne,turns
tv,tv
vingtième,twentieth
deuxfois,twice
Twist,twist
torsions,twists
deux,two
type,type
types,types
typique,typical
généralement,typically
typos,typos
u,u
nous,u.s
ugh,ugh
laid,ugly
euh,uh
ultime,ultimate
finalement,ultimately
Ultra,ultra
um,um
uma,uma
Nationsunies,un
incapables,unable
peuattrayant,unattractive
ignorent,unaware
insupportable,unbearable
incroyable,unbelievable
incroyablement,unbelievably
impartiale,unbiased
biblique,unbiblical
nonconventionnelles,unconventional
convaincant,unconvincing
indéniable,undeniable
indéniablement,undeniably
sous,under
infiltration,undercover
souterraines,underground
saper,undermine
sape,undermines
ci-dessous,underneath
underrated,underrated
comprendre,understand
compréhensible,understandable
compréhension,understanding
comprend,understands
compris,understood
inégale,uneven
inattendu,unexpected
inconnu,unfamiliar
Déplier,unfold
sedéploie,unfolds
inoubliable,unforgettable
malheureux,unfortunate
malheureusement,unfortunately
unfunny,unfunny
inutile,unhelpful
sansinspiration,uninspired
uninspiring,uninspiring
involontairement,unintentionally
inintéressant,uninteresting
unique,unique
unique,uniquely
unis,united
universel,universal
Univers,universe
universités,universities
Université,university
àmoinsque,unless
antipathique,unlikable
Contrairement,unlike
peuprobable,unlikely
unlistenable,unlistenable
immémorial,unmemorable
contrenature,unnatural
inutile,unnecessary
nonoriginales,unoriginal
imprévisibles,unpredictable
unrated,unrated
illisibles,unreadable
insatisfaisant,unsatisfying
invisible,unseen
troublant,unsettling
méfiance,unsuspecting
jusqu'àceque,until
inhabituel,unusual
Intolérable,unwatchable
verslehaut,up
upbeat,upbeat
Miseàjour,updated
uplifting,uplifting
sur,upon
supérieur,upper
énerver,upset
uptempo,uptempo
nous,us
ETATS-UNIS,usa
utiliser,use
utilisée,used
Utiles,useful
inutile,useless
Utilisateur,user
utilisateurs,users
utilise,uses
utilisant,using
d'habitude,usual
habituellement,usually
extrême,utmost
proférer,utter
absolument,utterly
v,v
vacances,vacation
vague,vague
vaine,vain
val,val
vallée,valley
précieux,valuable
valeur,value
valeurs,values
Vampire,vampire
van,van
vanessa,vanessa
insipide,vapid
variables,variables
variation,variation
variations,variations
variées,varied
variété,variety
divers,various
varient,vary
vaste,vast
beaucoup,vastly
vegas,vegas
veine,vein
velours,velvet
venture,venture
verbale,verbal
verdict,verdict
polyvalent,versatile
verset,verse
version,version
Versions,versions
versus,versus
Verve,verve
très,very
vétéran,veteran
vhs,vhs
via,via
Vibe,vibe
dynamique,vibrant
vice,vice
vicieux,vicious
victimes,victims
victorian,victorian
vidéo,video
Vidéos,videos
affichage,view
visualiseur,viewer
téléspectateurs,viewers
visualisation,viewing
Vues,views
village,village
villain,villain
vintage,vintage
violence,violence
violents,violent
violon,violin
Virgin,virgin
pratiquement,virtually
lavertu,virtue
virtuosité,virtuosity
vision,vision
visionnaire,visionary
visions,visions
Visite,visit
visité,visited
visites,visits
visuelle,visual
vive,vivid
vivement,vividly
vocabulaire,vocabulary
vocal,vocal
chanteur,vocalist
chanteurs,vocalists
vocalement,vocally
Chant,vocals
voix,voice
voix,voices
void,void
vol,vol
Volume,volume
volumes,volumes
voté,voted
vs,vs
vulgaire,vulgar
w,w
w/,w/
Wack,wack
Wacky,wacky
attendre,wait
attendu,waited
attente,waiting
attend,waits
suite,wake
marcher,walk
Àpied,walked
Walker,walker
marche,walking
promenades,walks
mur,wall
murs,walls
Waltz,waltz
errant,wandering
erre,wanders
veux,wanna
Wannabe,wannabe
vouloir,want
voulu,wanted
vouloir,wanting
veut,wants
guerre,war
laguerre,warfare
chaud,warm
prévenu,warned
Warner,warner
avertissement,warning
mandat,warrant
guerriers,warriors
guerres,wars
était,was
washington,washington
gaspiller,waste
gaspillé,wasted
gaspiller,wasting
regarder,watch
regardable,watchable
Consulté,watched
montres,watches
regarder,watching
eau,water
abreuvés,watered
eaux,waters
vague,wave
vagues,waves
manière,way
wayne,wayne
moyens,ways
nous,we
faible,weak
lesplusfaibles,weakest
faiblesse,weakness
richesse,wealth
riche,wealthy
armes,weapons
temps,weather
tisse,weaves
Web,web
siteweb,website
sitesweb,websites
Mariage,wedding
semaine,week
semaine,weeks
poids,weight
bizarre,weird
bienvenue,welcome
bien-être,welfare
bien,well
biendéveloppé,well-developed
bienfait,well-done
bienconnu,well-known
bienécrit,well-written
allé,went
étions,were
Wesley,wesley
West,west
Western,western
mouillé,wet
quoi,what
peuimporte,whatever
quecesoit,whatsoever
roue,wheel
quand,when
où,where
considérantque,whereas
partoutoù,wherever
si,whether
lequel,which
pendantque,while
pleurnicher,whining
whiny,whiny
blanc,white
qui,who
quiconque,whoever
l'ensemble,whole
sansréserve,wholeheartedly
dont,whom
dontles,whose
pourquoi,why
méchants,wicked
large,wide
largement,widely
écranlarge,widescreen
épouse,wife
sauvage,wild
sauvagement,wildly
volonté,will
william,william
williams,williams
prêts,willing
wilson,wilson
gagner,win
vent,wind
fenêtre,window
Windows,windows
vin,wine
ailes,wings
gagnant,winner
gagnants,winners
gagner,winning
hivers,winters
sagesse,wisdom
souhait,wish
souhaitant,wishing
wit,wit
sorcières,witches
avec,with
auseinde,within
sans,without
témoin,witness
témoins,witnesses
spirituel,witty
wo,wo
Wolf,wolf
femme,woman
femmes,women
gagné,won
miracle,wonder
sedemande,wondered
merveilleux,wonderful
merveilleusement,wonderfully
demandais,wondering
wong,wong
wont,wont
bois,wood
enbois,wooden
bois,woods
mot,word
mots,words
verbeux,wordy
travailler,work
travaillé,worked
travailleurs,workers
detravail,working
workout,workout
séancesd'entraînement,workouts
œuvres,works
monde,world
mondes,worlds
usés,worn
s'inquiéter,worry
pire,worse
pire,worst
valeur,worth
Worthless,worthless
intéressant,worthwhile
digne,worthy
serait,would
Souhaitez-être,would-be
wow,wow
wrap,wrap
épave,wreck
misérable,wretched
écrire,write
écrivain,writer
écrivains,writers
écrit,writes
parécrit,writing
écrite,written
faux,wrong
écrit,wrote
ironique,wry
wtf,wtf
wwe,wwe
wwii,wwii
x,x
Y,y
ya,ya
fils,yarn
bâillement,yawn
yeah,yeah
année,year
année,years
jaune,yellow
oui,yes
hier,yesterday
pourtant,yet
Yoga,yoga
Yoko,yoko
york,york
Yorker,yorker
tu,you
jeune,young
plusjeunes,younger
ton,your
exemplaire,yours
vous-même,yourself
jeunesse,youth
ans,yrs
yuck,yuck
z,z
zapped,zapped
zen,zen
zéro,zero
zombie,zombie
zone,zone
