source,target
!,!
"""",""""
#,#
&,&
"""",'
70erJahre,'70s
"""alle",'all
'd,'d
'Hara,'hara
'i,'i
'll,'ll
'm,'m
'MO,'mon
'n,'n
're,'re
'Roll,'roll
's,'s
"""Die",'the
've,'ve
(,(
),)
*,*
+,+
",",","
--,-
--,--
.,.
..,..
...,...
....,....
.....,.....
/,/
1/2,1/2
10/10,10/10
100%,100%
18.,18th
1930,1930s
1950,1950s
1980er,1980s
1990erJahre,1990s
1.,1st
2-Disc,2-disc
"2,0",2.0
"2,35",2.35
"2,5",2.5
21.,21st
3/5,3/5
3.,3rd
"4,5",4.5
4/5,4/5
5-Sterne-,5-star
"5,1",5.1
5/5,5/5
5.,5th
60s,60s
70s,70s
8/10,8/10
80s,80s
9/10,9/10
90s,90s
;,;
<happy>,<happy>
<num>,<num>
=,=
?,?
@,@
[,[
],]
"""",`
a,a
aaron,aaron
ab,ab
Fähigkeiten,abilities
Fähigkeit,ability
fähig,able
Greuel,abomination
Abtreibung,abortion
über,about
über,above
abwesend,absent
absolute,absolute
absolut,absolutely
absorbieren,absorb
Zusammenfassung,abstract
absurd,absurd
missbraucht,abused
missbräuchlichen,abusive
abgründigen,abysmal
akademischen,academic
Akademie,academy
Akzent,accent
Akzente,accents
akzeptieren,accept
annehmbar,acceptable
Wirakzeptieren,accepted
zugänglich,accessible
Unfall,accident
zufällige,accidental
gefeiert,acclaimed
nach,according
Konto,account
akkurat,accurate
gewohnt,accustomed
As,ace
erreicht,achieved
Leistung,achievement
Beschallung,acoustic
erworben,acquired
über,across
Akt,act
gehandelt,acted
Handeln,acting
Aktion,action
aktiv,active
Aktivitäten,activities
Schauspieler,actor
Akteure,actors
Schauspielerin,actress
Schauspielerinnen,actresses
Handlungen,acts
tatsächlichen,actual
tatsächlich,actually
ad,ad
adam,adam
adams,adams
Anpassung,adapt
Anpassung,adaptation
angepasst,adapted
hinzufügen,add
hat,added
süchtig,addictive
Hinzufügen,adding
Darüberhinaus,addition
zusätzliche,additional
Adresse,address
Adressen,addresses
Adressierung,addressing
fügt,adds
angemessen,adequately
bewundernswerte,admirable
bewundern,admire
Zulassung,admission
zugeben,admit
räumt,admits
angenommen,adopted
adorable,adorable
Erwachsener,adult
Erwachsene,adults
Voraus,advance
Fortgeschrittene,advanced
Vorteil,advantage
Abenteuer,adventure
Abenteuer,adventures
Abenteurer,adventurous
Rat,advice
beraten,advise
Affäre,affair
betroffen,affected
genannten,aforementioned
ängstlich,afraid
african,african
nach,after
danach,afterward
erneut,again
gegen,against
Alter,age
imAltervon,aged
Tagesordnung,agenda
Agent,agent
Alter,ages
Alterung,aging
vor,ago
zustimmen,agree
vereinbart,agreed
ah,ah
vor,ahead
ai,ai
Beihilfen,aids
Ziel,aimed
Ziele,aims
istnicht,aint
Luft,air
Flugzeug,airplane
Airplay,airplay
Flughafen,airport
aka,aka
verwandt,akin
akira,akira
al,al
alan,alan
albert,albert
Album,album
Alben,albums
Alkoholiker,alcoholic
Alarm,alert
alex,alex
alfred,alfred
Ausländer,alien
Aliens,aliens
gleichermaßen,alike
lebendig,alive
alle,all
all-time,all-time
erlaubt,allowed
ermöglicht,allows
fast,almost
allein,alone
entlang,along
neben,alongside
sehr,alot
bereits,already
alright,alright
auch,also
verändert,altered
Stellvertreter,alternate
Alternative,alternative
obwohl,although
insgesamt,altogether
immer,always
am,am
dilettantisch,amateurish
Staunen,amazed
erstaunlich,amazing
erstaunlich,amazingly
amazon,amazon
Ambiente,ambience
ambient,ambient
Ehrgeiz,ambition
america,america
american,american
Amerikaner,americans
unter,among
Betrag,amount
amüsant,amusing
amy,amy
ein,an
anamorph,anamorphic
Anker,anchor
alten,ancient
und,and
und/oder,and/or
anderson,anderson
andy,andy
Engel,angel
angeles,angeles
angelina,angelina
Zorn,anger
wütend,angry
angst,angst
animiert,animated
Animation,animation
anime,anime
ann,ann
anna,anna
Jubiläum,anniversary
verärgert,annoyed
ärgerlich,annoying
einanderer,another
Antwort,answer
Antworten,answers
Hymne,anthem
Hymnen,anthems
anthony,anthony
Vorfreude,anticipation
beliebig,any
anybody,anybody
mehr,anymore
irgendjemand,anyone
irgendetwas,anything
jederzeit,anytime
immerhin,anyway
anyways,anyways
überall,anywhere
abgesehen,apart
Wohnung,apartment
scheinbaren,apparent
scheinbar,apparently
Rechtsmittel,appeal
ansprechenden,appealing
erscheinen,appear
Aussehen,appearance
Auftritte,appearances
erschienen,appeared
erscheint,appears
Anwendung,application
Anwendungen,applications
Anwendung,applied
schätzen,appreciate
geschätzt,appreciated
Wertschätzung,appreciation
Herangehensweise,approach
näherte,approached
entsprechende,appropriate
April,april
arc,arc
Architekt,architect
Architektur,architecture
sind,are
Bereich,area
Bereiche,areas
Arena,arena
argento,argento
wohl,arguably
"argumentieren,",argue
Argument,argument
Argumente,arguments
Arm,arm
Arme,arms
armstrong,armstrong
Armee,army
entstanden,arose
ringsherum,around
angeordnet,arranged
Anordnung,arrangement
Vereinbarungen,arrangements
Ankunft,arrival
angekommen,arrived
kommt,arrives
arrogant,arrogant
Kunst,art
Artikel,articles
artikulieren,articulate
Künstler,artist
Kunst,artistic
Artistik,artistry
Künstler,artists
Artwork,artwork
wie,as
schämen,ashamed
ashley,ashley
asia,asia
Flächenstilllegung,aside
fragen,ask
bat,asked
fragen,asking
Einschlafen,asleep
Aspekt,aspect
Aspekte,aspects
aufstrebende,aspiring
Esel,ass
Angriff,assault
Vermögenswerte,assets
unterstützen,assist
Sortiment,assortment
übernehmen,assume
angenommen,assumed
übernimmt,assumes
"vorausgesetzt,",assuming
Annahme,assumption
Annahmen,assumptions
erstaunlich,astonishing
erstaunliche,astounding
bei,at
atlantic,atlantic
Atmosphäre,atmosphere
atmosphärischen,atmospheric
grauenhaften,atrocious
Angriffe,attacks
Versuch,attempt
versucht,attempted
Versuch,attempting
Versuche,attempts
besucht,attended
Aufmerksamkeit,attention
Haltung,attitude
attraktiv,attractive
Publikum,audience
Publikum,audiences
Audio,audio
August,august
klanglichen,aural
Austen,austen
austin,austin
Australien,australia
Authentizität,authenticity
Autor,author
Behörde,authority
Autobiographie,autobiography
verfügbar,available
Durchschnitt,average
Avid,avid
vermeiden,avoid
wach,awake
Auszeichnungen,awards
weg,away
ehrfürchtig,awesome
furchtbar,awful
ungeschickt,awkward
awsome,awsome
b,b
b-movie,b-movie
B-Seite,b-side
B-Sides,b-sides
Baby,baby
bach,bach
zurück,back
Hintergrund,background
Hintergrund,backgrounds
Playbacks,backing
Backup,backup
rückwärts,backwards
schlecht,bad
schlecht,badly
bag,bag
Bäcker,baker
Gleichgewicht,balance
ausgewogenen,balanced
Salden,balances
Baldacci,baldacci
Ball,ball
Ballade,ballad
Balladen,ballads
Ballett,ballet
banal,banal
Band,band
Bands,bands
bang,bang
banjo,banjo
Bank,bank
barbara,barbara
Barbier,barber
kaum,barely
Schnäppchen,bargain
Barr,barr
barry,barry
Barrymore,barrymore
Basis,base
Baseball,baseball
Basis,based
grundlegende,basic
imGrunde,basically
Grundlagen,basics
Grundlage,basis
Bass,bass
Bassist,bassist
Bad,bathroom
Badewanne,bathtub
Kampf,battle
sein,be
Strand,beach
Bär,bear
schlagen,beat
beatles,beatles
Beats,beats
schön,beautiful
schön,beautifully
Schönheit,beauty
wurde,became
weil,because
werden,become
wird,becomes
immer,becoming
Bett,bed
Biene,bee
Rindfleisch,beef
gewesen,been
Bier,beer
vor,before
begann,began
beginnen,begin
Anfang,begining
Anfänger,beginner
Anfänger,beginners
Anfang,beginning
Anfänge,beginnings
beginnt,begins
Verhalten,behavior
hinter,behind
hinterdenKulissen,behind-the-scenes
Wesen,being
Wesen,beings
Glaube,belief
Überzeugungen,beliefs
glaubwürdig,believable
glauben,believe
gehören,belong
gehört,belongs
Geliebte,beloved
unten,below
ben,ben
unter,beneath
Nutzen,benefit
benjamin,benjamin
gebogen,bent
berlin,berlin
Beere,berry
ansonsten,besides
bester,best
bet,bet
Verrat,betrayal
besser,better
zwischen,between
Vorsicht,beware
beyonce,beyonce
jenseits,beyond
Bias,bias
voreingenommen,biased
biblischen,biblical
groß,big
größer,bigger
größten,biggest
Rechnung,bill
billy,billy
bin,bin
Biographie,biography
Vogel,bird
Geburt,birth
Geburtstag,birthday
bisschen,bit
Biss,bite
bittersüß,bittersweet
bizarre,bizarre
schwarz,black
Schwarz-Weiß-,black-and-white
blah,blah
Schuld,blame
tadelt,blames
bland,bland
Explosion,blast
eklatanten,blatant
lodernden,blazing
bluten,bleed
Mischung,blend
Mischungen,blends
gesegnet,blessed
blies,blew
blind,blind
Glückseligkeit,bliss
Blasenbildung,blistering
Block,block
Blut,blood
Blüte,bloom
Schlag,blow
Blasen,blowing
geblasen,blown
Schläge,blows
blau,blue
Bluegrass,bluegrass
Blues,blues
verschwommen,blurry
Brett,board
Boot,boat
bob,bob
bobby,bobby
körperliche,bodily
Körper,body
Scheinselbständigkeit,bogus
fett,bold
Bombardierung,bombing
Anleihe,bond
Knochen,bone
Knochen,bones
Bonus,bonus
Buch,book
Broschüre,booklet
Bücher,books
Buchhandlung,bookstore
Boom,boom
Boot,boot
Bootleg,bootleg
Grenzen,borders
Bohrung,bore
gelangweilt,bored
Langeweile,boredom
langweilig,boring
geboren,born
leihen,borrow
beides,both
behelligen,bother
belästigt,bothered
Boden,bottom
gekauft,bought
Sprungkraft,bounce
gebunden,bound
Grenzen,boundaries
bounty,bounty
Bogen,bow
bowie,bowie
Feld,box
Junge,boy
Freund,boyfriend
Jungen,boys
brad,brad
Gehirn,brain
brainless,brainless
Gehirn,brains
bram,bram
Marke,brand
Messing,brass
bravo,bravo
brazilian,brazilian
Pause,break
Aufschlüsselung,breakdown
Brechen,breaking
Pausen,breaks
Durchbruch,breakthrough
Brüste,breasts
Atem,breath
atmen,breathe
atemberaubende,breathtaking
luftig,breezy
Gebräu,brew
brian,brian
Brücke,bridge
kurze,brief
hell,bright
Brillanz,brilliance
brilliant,brilliant
glänzend,brilliantly
bringen,bring
bringen,bringing
bringt,brings
brit,brit
britain,britain
british,british
breiteren,broader
broadway,broadway
Bäche,brooks
bros,bros
Bruder,brother
Brüder,brothers
gebracht,brought
braun,brown
bruce,bruce
brutal,brutal
btw,btw
Schampus,bubbly
Buck,buck
Böcke,bucks
Haushalt,budget
buff,buff
buffy,buffy
bauen,build
Gebäude,building
baut,builds
Masse,bulk
Kugeln,bullets
bumbling,bumbling
bummer,bummer
Beule,bump
Bund,bunch
brennen,burn
verbrannt,burned
Bus,bus
Busch,bush
Geschäft,business
Unternehmen,businesses
Büste,bust
aber,but
abgeschlachtet,butchered
Tonne,butt
Schaltfläche,button
kaufen,buy
Käufer,buyer
kaufen,buying
Heißdiskutiert,buzz
von,by
c,c
ca,ca
cab,cab
Kabine,cabin
rufen,call
genannt,called
Aufruf,calling
fordert,calls
Ruhe,calm
kam,came
Kamera,camera
cameron,cameron
Lager,camp
Campbell,campbell
Lagern,camps
können,can
Kanada,canada
canadian,canadian
abgebrochen,canceled
storniert,cancelled
Krebs,cancer
Kandidat,candidate
Kerze,candle
kannnicht,cannot
cant,cant
Lage,capable
Kapazität,capacity
Bann,captivated
fesselnd,captivating
Capture,capture
gefangen,captured
erfasst,captures
Auto,car
Karte,card
Pappe,cardboard
Cardio,cardio
sorgen,care
Karriere,career
vorsichtig,careful
sorgfältig,carefully
Sorgen,cares
carey,carey
Karikatur,caricature
Karikaturen,caricatures
Pflege,caring
carl,carl
Zimmermann,carpenter
Carrie,carrie
durchgeführt,carried
trägt,carries
tragen,carry
Fuhrmann,carter
Karikatur,cartoon
Fall,case
Cash,cash
Casino,casino
Kassette,cassette
Stimmen,cast
Gießen,casting
casual,casual
Katze,cat
fangen,catch
catchy,catchy
katholisch,catholic
Katzen,cats
gefangen,caught
Ursache,cause
Ursachen,causes
cd,cd
cds,cds
Feier,celebration
celebrity,celebrity
Zelluloid,celluloid
celtic,celtic
o,cent
Zentrum,center
zentriert,centered
Central/Neumühlequai,central
Cent,cents
Jahrhunderte,centuries
Jahrhundert,century
bestimmt,certain
sicher,certainly
Kette,chain
Kettensäge,chainsaw
Stuhl,chair
angefochten,challenged
Herausforderungen,challenges
Herausforderung,challenging
Meisterschaft,championship
Chance,chance
Chancen,chances
ändern,change
verändert,changed
Änderungen,changes
ändern,changing
Kanal,channel
chant,chant
Chaos,chaos
chaotisch,chaotic
Kapitel,chapter
Kapitel,chapters
Charakter,character
Charakterisierung,characterization
Zeichen,characters
Gebühr,charge
zahlen,charged
charles,charles
charlie,charlie
charlotte,charlotte
Charme,charm
charmante,charming
Charts,charts
Jagd,chase
billig,cheap
billiger,cheaper
betrogen,cheated
Betrug,cheating
prüfen,check
geprüft,checked
Kontrolle,checking
Käse,cheese
cheesy,cheesy
Köche,chefs
Chemie,chemistry
Kirsche,cherry
Chikago,chicago
chick,chick
Chef,chief
Kind,child
Kindheit,childhood
kindisch,childish
Kinder,children
chill,chill
Kühlen,chilling
Wahl,choice
Entscheidungen,choices
Chor,choir
wählen,choose
abgehackt,choppy
Koteletts,chops
Akkord,chord
lästigePflicht,chore
Choreographie,choreography
Chor,chorus
wählte,chose
gewählt,chosen
chris,chris
christ,christ
christian,christian
Christen,christians
christmas,christmas
chronische,chronic
Chronik,chronicle
chuck,chuck
Kirche,church
Kino,cinema
Kino,cinematic
Kinematographie,cinematography
Kreis,circle
Umstände,circumstances
Zirkus,circus
Städte,cities
Bürger,citizens
Stadt,city
Kultur,civilization
fordern,claim
behauptet,claimed
behauptet,claiming
Forderungen,claims
Klarheit,clarity
clark,clark
Clarkson,clarkson
Zusammenstoß,clash
Klasse,class
Klassen,classes
Klassiker,classic
klassischen,classical
Klassiker,classics
classy,classy
Ton,clay
sauber,clean
gereinigt,cleaned
klar,clear
klar,clearly
klug,clever
Klischee,cliche
klischeehaft,cliched
Klischees,cliches
Höhepunkt,climactic
Höhepunkt,climax
clinton,clinton
abgeschnitten,clipped
Clips,clips
Clooney,clooney
schließen,close
eng,closely
näher,closer
amnächsten,closest
Schrank,closet
Kleider,clothes
Clown,clown
Clowns,clowns
Club,club
Clubs,clubs
Hinweis,clue
clueless,clueless
Hinweise,clues
ungeschickt,clumsy
Krempel,clutter
Trainer,coach
Kohle,coal
Küste,coast
Code,code
cohen,cohen
kohärenten,coherent
Zusammenhalt,cohesive
kalt,cold
Zusammenarbeit,collaboration
sammeln,collect
Sammlung,collection
Sammlungen,collections
Sammler,collectors
College,college
Farbe,color
bunt,colorful
Farben,colors
Coltrane,coltrane
columbia,columbia
Kombination,combination
kombiniert,combined
verbindet,combines
Kombinationsfeld,combo
kommen,come
Komödien,comedies
Komödie,comedy
kommt,comes
Komfort,comfort
komfortable,comfortable
tröstlich,comforting
Comic,comic
kommenden,coming
Kommentar,comment
Kommentare,commentaries
Kommentar,commentary
kommentiert,commented
Kommentare,comments
Geschäfte,commercial
Werbespots,commercials
verpflichtet,committed
allgemein,common
allgemein,commonly
Kommunikation,communicate
Kommunikation,communication
kommunistischen,communist
Begleiter,companion
Firma,company
vergleichen,compare
Vergleich,compared
Vergleich,comparing
Vergleich,comparison
compassionate,compassionate
zwingenden,compelling
konkurrieren,compete
Zusammenstellung,compilation
Zusammenstellungen,compilations
klagen,complaining
beklagt,complains
Beschwerde,complaint
Beschwerden,complaints
ergänzen,complement
abgeschlossen,complete
abgeschlossen,completed
komplett,completely
Komplex,complex
Komponist,composer
Kompositionen,compositions
begreifen,comprehend
umfassende,comprehensive
Computer,computer
con,con
Konzept,concept
Konzepte,concepts
Belang,concern
betroffenen,concerned
über,concerning
Bedenken,concerns
Konzert,concert
Konzert,concerto
Konzerte,concerts
prägnant,concise
schließen,conclude
Abschluss,concluding
Abschluss,conclusion
Beton,concrete
herablassend,condescending
Zustand,condition
bekennen,confess
Konflikt,conflict
konfrontieren,confront
verwirrt,confused
verwirrend,confusing
Verbindung,connection
connery,connery
Nachteile,cons
Folgen,consequences
konservativ,conservative
prüfen,consider
erhebliche,considerable
als,considered
Prüfung,considering
Einklang,consistent
konsequent,consistently
besteht,consists
Konstante,constant
ständig,constantly
Verbraucher,consumers
Verbrauch,consumption
Kontakt,contact
enthalten,contain
enthalten,contained
enthält,contains
kontemplativen,contemplative
Zeitgenossen,contemporaries
zeitgenössische,contemporary
Inhalt,content
Inhalt,contents
Wettbewerb,contest
weiter,continue
weiter,continues
Vertrag,contract
widersprüchlich,contradictory
Kontrast,contrast
gekünstelt,contrived
Kontrolle,control
umstritten,controversial
Bequemlichkeit,convenience
bequem,convenient
konventionellen,conventional
Gespräch,conversation
Gespräche,conversations
vermittelt,conveyed
vermittelt,conveys
"davonüberzeugt,",convinced
überzeugend,convincing
überzeugend,convincingly
gewunden,convoluted
Kochbuch,cookbook
Kochbücher,cookbooks
Kochen,cooking
kühl,cool
Cooper,cooper
cop,cop
fertig,cope
kopiert,copied
Kopien,copies
Bewältigung,coping
kopieren,copy
Kern,core
Cornwell,cornwell
richtig,correct
korrekt,correctly
korrupt,corrupt
Korruption,corruption
Kosten,cost
Kosten,costs
Kostüm,costume
Kostüme,costumes
Kostüme,costuming
Couch,couch
könnte,could
couldnt,couldnt
count,count
Zählen,counting
Länder,countries
Land,country
zählt,counts
Paar,couple
Mut,courage
mutig,courageous
Kurs,course
Kurse,courses
mitfreundlicherGenehmigung,courtesy
Cousin,cousin
Cousins,cousins
Decke,cover
Abdeckung,coverage
für,covering
umfasst,covers
Kuh,cow
Cowboy,cowboy
crack,crack
geknackt,cracked
Handarbeit,crafted
craig,craig
Kurbel,crank
Mist,crap
crappy,crappy
verrückt,crazy
Sahne,cream
erstellen,create
erstellt,created
schafft,creates
Erstellen,creating
Schaffung,creation
kreative,creative
Kreativität,creativity
Schöpfer,creators
Kreatur,creature
Kreaturen,creatures
Glaubwürdigkeit,credibility
Kredit,credit
Credits,credits
Muskogee-Sprachen,creek
creepy,creepy
Belegschaft,crew
Crichton,crichton
Kriminalität,crime
Verbrechen,crimes
lunge,cringe
Krise,crisis
knusprig,crisp
Kriterium,criterion
Kritik,criticism
Kritiker,critics
Kritik,critique
Crosby,crosby
Kreuz,cross
Kreuzung,crossing
Crossover,crossover
Krähe,crow
Menge,crowd
crunk,crunk
gebrochen,crushed
weinen,cry
weinen,crying
Würfel,cube
kulinarische,culinary
Kult,cult
Kultur,cultural
Kultur,culture
Kulturen,cultures
Tasse,cup
Heilung,cure
neugierig,curious
aktuell,current
derzeit,currently
curtis,curtis
Kunde,customer
schneiden,cut
niedlich,cute
Kürzungen,cuts
Schneiden,cutting
zynisch,cynical
d,d
Papa,dad
täglich,daily
beschädigen,damaging
dame,dame
verdammen,damn
dan,dan
Tanz,dance
tanzbare,danceable
Tänze,dances
Tanz,dancing
gefährlich,dangerous
daniel,daniel
daniels,daniels
danny,danny
wagen,dare
Kühnheit,daring
dunkel,dark
dunkler,darker
dunkelsten,darkest
Liebling,darling
darn,darn
Datum,date
vom,dated
Tochter,daughter
Töchter,daughters
dave,dave
david,david
davis,davis
Tag,day
Tag,days
de,de
tot,dead
Handel,deal
Händler,dealers
Umgang,dealing
Angebote,deals
Dekan,dean
lieb,dear
Tod,death
Gestorben,deaths
Deaver,deaver
Deborah,deborah
Debüt,debut
Jahrzehnt,decade
Jahrzehnte,decades
Dezember,december
menschenwürdige,decent
entscheiden,decide
beschlossen,decided
entscheidet,decides
Entscheidung,decision
Engagement,dedication
Taten,deeds
tief,deep
tief,deeply
verteidigen,defend
Verteidigung,defense
definitiv,definately
define,define
definitiv,definetly
bestimmte,definite
definitiv,definitely
endgültigen,definitive
Grad,degree
gelöscht,deleted
absichtlich,deliberately
delicious,delicious
Freude,delight
freuen,delighted
entzückende,delightful
liefern,deliver
geliefert,delivered
liefert,delivering
liefert,delivers
Lieferung,delivery
Delta,delta
deluxe,deluxe
Demo,demo
demokratischen,democratic
Dämonen,demons
zeigt,demonstrates
deniro,deniro
leugnen,deny
denzel,denzel
hängen,depend
dargestellt,depicted
Darstellung,depicting
Darstellung,depiction
bedrückend,depressing
Depression,depression
Tiefe,depth
Tiefe,depths
derek,derek
Abstieg,descent
beschreiben,describe
beschrieben,described
beschreibt,describes
Beschreibung,describing
Beschreibung,description
Wüste,desert
verdienen,deserve
verdient,deserved
verdient,deserves
verdient,deserving
Design,design
Designs,designs
Wunsch,desire
gewünschte,desired
Schreibtisch,desk
Verzweiflung,despair
verzweifelt,desperate
trotz,despite
bestimmt,destined
Schicksal,destiny
Zerstörung,destruction
Detail,detail
detaillierte,detailed
Details,details
Detektiv,detective
Bestimmung,determination
entwickeln,develop
entwickelt,developed
Entwicklung,developing
Entwicklung,development
entwickelt,develops
Teufel,devil
frei,devoid
di,di
Dialog,dialog
Dialog,dialogue
Dialoge,dialogues
diana,diana
Tagebücher,diaries
Diatribe,diatribe
tat,did
diddy,diddy
sterben,die
die-hard,die-hard
gestorben,died
stirbt,dies
Unterschied,difference
verschiedenen,different
anders,differently
schwer,difficult
Schwierigkeiten,difficulties
dig,dig
digital,digital
Würde,dignity
Dimension,dimension
Dinosaurier,dinosaur
dire,dire
direkten,direct
Direct-to-Video,direct-to-video
Regie,directed
Regie,directing
Richtung,direction
Direktor,director
Direktoren,directors
Schmutz,dirt
schmutzig,dirty
Enttäuschung,disapointment
verschwindet,disappears
enttäuschen,disappoint
enttäuscht,disappointed
enttäuschend,disappointing
Enttäuschung,disappointment
Katastrophe,disaster
katastrophale,disastrous
CD,disc
Disco,disco
Diskographie,discography
Diskurs,discourse
entdecken,discover
entdeckt,discovered
Entdeckung,discovery
Discs,discs
diskutiert,discusses
Diskussion,discussing
Diskussion,discussion
Krankheit,disease
Schande,disgrace
Ekel,disgusted
ekelhaft,disgusting
unehrlich,dishonest
unaufrichtig,disingenuous
unzusammenhängend,disjointed
Festplatte,disk
Festplatten,disks
Abneigung,dislike
disney,disney
Anzeige,display
angezeigt,displayed
Displays,displays
enttäuscht,dissapointed
dissapointing,dissapointing
dissapointment,dissapointment
deutliche,distinct
verzerrt,distorted
Verzerrung,distortion
abgelenkt,distracted
ablenken,distracting
diverse,diverse
Vielfalt,diversity
geteilt,divided
dj,dj
tun,do
doc,doc
Arzt,doctor
Ärzte,doctors
Dokumentarfilm,documentary
Dokumente,documents
tut,does
Hund,dog
dogg,dogg
Hunde,dogs
Dabei,doing
Dollar,dollar
Dollar,dollars
Dolly,dolly
don,don
getan,done
donna,donna
dont,dont
doo,doo
Tür,door
Türen,doors
dope,dope
doris,doris
Doppel-,double
Zweifel,doubt
abwärts,down
Abfahrt,downhill
herunterladen,download
geradezu,downright
Abschreibungen,downs
dr,dr
eintönig,drab
ziehen,drag
gezogen,dragged
schleppt,drags
Drama,drama
Dramen,dramas
dramatischen,dramatic
dramatisch,dramatically
zeichnen,draw
gezogen,drawn
dre,dre
schrecklich,dreadful
Traum,dream
Träume,dreams
verträumte,dreamy
Kleid,dress
zog,drew
Trinkwasser,drinking
fahren,drive
Gefasel,drivel
getrieben,driven
Laufwerke,drives
Fahren,driving
Drohne,drone
Dröhnen,droning
Tropfen,drop
gesunken,dropped
dropping,dropping
Drogen,drug
Drogen,drugs
Trommel,drum
Schlagzeuger,drummer
drumming,drumming
Trommeln,drums
trocken,dry
Dual,dual
dub,dub
Überspielen,dubbing
dud,dud
Kumpel,dude
fällig,due
Duett,duet
Duette,duets
Herzog,duke
stumpf,dull
dumm,dumb
dump,dump
gedumpten,dumped
Duo,duo
während,during
Duvall,duvall
dvd,dvd
DVDs,dvds
dylan,dylan
Dynamik,dynamic
Dynamik,dynamics
z.B.,e.g
jeder,each
begierig,eager
eifrig,eagerly
Ohr,ear
Graf,earl
früher,earlier
frühesten,earliest
früh,early
verdienen,earn
Ohren,ears
Erde,earth
Leichtigkeit,ease
leichter,easier
leicht,easily
einfach,easy
gegessen,eaten
Essen,eating
echo,echo
eklektisch,eclectic
Wirtschaft,economic
ed,ed
eddie,eddie
Kante,edge
edgy,edgy
Bearbeiten,edit
edited,edited
Bearbeitung,editing
Auflage:,edition
Editor,editor
Bildungs-,educational
edward,edward
unheimliche,eerie
Wirkung,effect
wirksame,effective
effektiv,effectively
Auswirkungen,effects
Mühe,effort
mühelos,effortlessly
Bemühungen,efforts
Ich,ego
acht,eight
entweder,either
el,el
Wahl,election
Elektrisch,electric
elektronische,electronic
electronica,electronica
elegant,elegant
Element,element
Elementarteilchen,elementary
Elemente,elements
elf,eleven
beseitigen,eliminate
elizabeth,elizabeth
ella,ella
Ellington,ellington
sonst,else
anderswo,elsewhere
elton,elton
verlegen,embarassed
peinlich,embarrassing
Verlegenheit,embarrassment
Umarmung,embrace
emma,emma
emo,emo
Emotion,emotion
emotionale,emotional
emotional,emotionally
Emotionen,emotions
Schwerpunkt,emphasis
betonen,emphasize
Reich,empire
Arbeitnehmer,employed
Mitarbeiter,employees
leer,empty
en,en
Begegnungen,encounters
Ende,end
beendet,ended
Ende,ending
endlose,endless
endet,ends
Feinde,enemies
Feind,enemy
energische,energetic
Energie,energy
Engaging,engaging
Engineering,engineering
England,england
Englisch,english
erhöht,enhances
genießen,enjoy
Spaß,enjoyable
genossen,enjoyed
Genießen,enjoying
Genuss,enjoyment
genießt,enjoys
eno,eno
genug,enough
Ensemble,ensemble
GebenSie,enter
Eingabe,entering
Unternehmen,enterprise
Unterhaltung,entertain
Entertainer,entertainer
unterhaltsam,entertaining
Unterhaltung,entertainment
gesamten,entire
ganz,entirely
Teilen,entirety
ep,ep
Epos,epic
Epen,epics
Folge,episode
Episoden,episodes
equal,equal
gleich,equally
ER,er
era,era
eric,eric
Erotik,erotic
Fehler,error
Fehler,errors
Flucht,escape
vorallem,especially
Wesen,essence
wesentliche,essential
imWesentlichen,essentially
etc,etc
ewige,eternal
ethan,ethan
Europa,europe
european,european
eben,even
Abend,evening
Veranstaltung,event
Veranstaltungen,events
schließlich,eventually
jemals,ever
jeder,every
alle,everybody
Alltag,everyday
jeder,everyone
alles,everything
überall,everywhere
Beweise,evidence
böse,evil
evocative,evocative
Evolution,evolution
entwickelt,evolved
genau,exactly
Prüfung,examination
untersucht,examines
Prüfung,examining
Beispiel,example
Exzellenz,excellence
ausgezeichnet,excellent
Ausnahme,except
Ausnahme,exception
außergewöhnlichen,exceptional
aufgeregt,excited
Aufregung,excitement
spannend,exciting
ausschließlich,exclusively
Entschuldigung,excuse
ausgeführt,executed
Ausführung,execution
Exekutive,executive
Übung,exercise
Übungen,exercises
bestanden,existed
Existenz,existence
existentielle,existential
bestehenden,existing
existiert,exists
Ausfahrt,exit
exotische,exotic
Erweitern,expand
erweitert,expanded
erwarten,expect
Erwartungen,expectations
erwartet,expected
erwartet,expecting
teuer,expensive
Erfahrung,experience
experimental,experimental
Experimente,experiments
Experten,experts
erklären,explain
erklärt,explained
erklärt,explains
Erklärung,explanation
Ausbeutung,exploitation
erkunden,explore
erkundet,explores
erkunden,exploring
ausgesetzt,exposed
Exposition,exposure
Ausdruck,express
Ausdruck,expression
expressive,expressive
exquisite,exquisite
verlängert,extended
Umfang,extent
extra,extra
außerordentliche,extraordinary
Extras,extras
extreme,extreme
extrem,extremely
Auge,eye
Augen,eyes
fabelhafte,fabulous
Gesicht,face
konfrontiert,faced
Gesichter,faces
vor,facing
Tatsache,fact
Faktoren,factors
Fakten,facts
faktischen,factual
Fading,fading
scheitern,fail
gescheitert,failed
nicht,fails
Ausfall,failure
gerecht,fair
ziemlich,fairly
Glaube,faith
treu,faithful
Fälschung,fake
fallen,fall
fallen,falling
fällt,falls
false,false
Lüge,falsehood
Ruhm,fame
vertraut,familiar
Familie,family
berühmten,famous
Lüfter,fan
Fans,fans
phantastischen,fantastic
Phantasie,fantasy
weit,far
fart,fart
fasziniert,fascinated
faszinierende,fascinating
Faszination,fascination
Mode,fashion
fashioned,fashioned
schnell,fast
schneller,faster
fett,fat
Vater,father
Schuld,fault
fave,fave
Gunst,favor
Favoriten,favorite
Favoriten,favorites
Favoriten,favourite
Favoriten,favourites
Furcht,fear
Ängste,fears
Merkmal,feature
featured,featured
Merkmale,features
Featurette,featurette
featurettes,featurettes
mit,featuring
Fütterung,feeding
fühlen,feel
Gefühl,feeling
Gefühle,feelings
fühlt,feels
fällen,fell
Kerl,fellow
Filz,felt
weiblich,female
femme,femme
Festival,festival
Fieber,fever
wenig,few
Fiktion,fiction
fiktive,fictitious
Geige,fiddle
Treue,fidelity
Feld,field
Felder,fields
fünfzehn,fifteen
fünfte,fifth
fünfzig,fifty
Kampf,fight
Kämpfer,fighter
Kämpfe,fighting
Bildmarke,figurative
Figur,figure
bezifferten,figured
Zahlen,figures
Datei,file
füllen,fill
gefüllt,filled
Füllstoff,filler
füllt,fills
Film,film
gefilmt,filmed
Dreharbeiten,filming
Filmemacher,filmmakers
Filme,films
endg.,final
endlich,finally
finanzielle,financial
finanziell,financially
finden,find
Suche,finding
findet,finds
Bußgeld,fine
feinsten,finest
Finger,fingers
Finish,finish
fertig,finished
finney,finney
Feuer,fire
entlassen,fired
Firma,firm
fest,firmly
Unternehmen,firms
zuerst,first
firth,firth
Fisch,fish
passen,fit
passt,fits
fünf,five
reparieren,fix
Flair,flair
Flamme,flame
flach,flat
Geschmack,flavor
Fehler,flaw
mangelhaft,flawed
einwandfreie,flawless
Mängel,flaws
flog,flew
Flick,flick
Flug,flight
Flip,flip
Etage,floor
fließen,flow
blumig,flowery
fließt,flows
Flaum,fluff
Flöte,flute
fliegen,flying
Fokus,focus
konzentriert,focused
konzentriertsich,focuses
Schwerpunkt,focusing
Foley,foley
folk,folk
Leute,folks
folgen,follow
Follow-up,follow-up
gefolgt,followed
folgend,following
folgt,follows
Lebensmittel,foods
Narr,fool
täuschen,fooled
Narren,fools
Fuß,foot
Filmmaterial,footage
für,for
Kraft,force
gezwungen,forced
Kräfte,forces
ford,ford
Außen-,foreign
Ausländer,foreigner
Wald,forest
fürimmer,forever
vergessen,forget
forgettable,forgettable
vergessen,forgotten
Form,form
Format,format
ehemaligen,former
Formel,formula
formelhaft,formulaic
Glück,fortunate
zumGlück,fortunately
Vermögen,fortune
vierzig,forty
vorwärts,forward
gefunden,found
Stiftung,foundation
vier,four
Fuchs,fox
fragile,fragile
Franchise,franchise
frank,frank
frankenstein,frankenstein
frankie,frankie
offen,frankly
Freaks,freaks
frei,free
Freiheit,freedom
französisch,french
häufig,frequently
frisch,fresh
freud,freud
Freund,friend
Freunde,friends
Freundschaft,friendship
friggin,friggin
beängstigend,frightening
von,from
vor,front
Früchte,fruits
frustrierend,frustrating
Frustration,frustration
voll,full
invollerLänge,full-length
vollsten,fullest
Vollbild,fullscreen
voll,fully
Spaß,fun
Funktion,function
funk,funk
funky,funky
lustiger,funnier
lustigste,funniest
lustig,funny
weiter,further
darüberhinaus,furthermore
Wut,fury
Fusion,fusion
Zukunft,future
Fuzzy,fuzzy
fx,fx
g,g
gabriel,gabriel
gewinnen,gain
galore,galore
Spiel,game
Spiele,games
gang,gang
Garage,garage
Müll,garbage
Garten,garden
Garner,garner
gary,gary
Tor,gate
Tore,gates
gab,gave
Homosexuell,gay
gee,gee
gem,gem
Edelsteine,gems
Geschlecht,gender
allgemeine,general
allgemein,generally
generated,generated
Generation,generation
Generationen,generations
Generika,generic
Genie,genius
Genre,genre
Genres,genres
sanfte,gentle
wirklich,genuinely
geographischen,geographic
Geographie,geography
george,george
gerald,gerald
Deutsch,german
Deutschland,germany
bekommen,get
erhält,gets
gettin,gettin
Anreise,getting
Gespenst,ghost
Geister,ghosts
Riese,giant
Riesen,giants
Geschenk,gift
Geschenke,gifts
gilbert,gilbert
Mädchen,girl
Freundin,girlfriend
Mädchen,girls
geben,give
gegeben,given
gibt,gives
geben,giving
froh,glad
grellen,glaring
Glas,glass
glenn,glenn
Einblick,glimpse
glorreiche,glorious
Ruhm,glory
glühenden,glowing
gehen,go
Gott,god
geht,goes
gehend,going
Gold,gold
goldberg,goldberg
golden,golden
gegangen,gone
gonna,gonna
goo,goo
gut,good
AufWiedersehen,goodbye
Google,google
gore,gore
hinreißend,gorgeous
Evangelium,gospel
bekam,got
bekommen,gotten
Regierung,government
Gnade,grace
Grader,graders
allmählich,gradually
Diplom,graduate
körnig,grainy
Grammatik,grammar
grand,grand
Großvater,grandfather
Oma,grandma
Opa,grandpa
Grafik,graphic
graphics,graphics
erfassen,grasp
dankbar,grateful
Gitter,grating
Grab,grave
großartig,great
mehr,greater
größten,greatest
stark,greatly
Größe,greatness
gierig,greedy
grün,green
Greene,greene
greg,greg
wuchs,grew
grau,grey
Trauer,grief
grimmigen,grim
Greifen,gripping
gritty,gritty
Nut,groove
Nuten,grooves
groovy,groovy
Brutto-,gross
grob,grossly
Grund,ground
bahnbrechenden,groundbreaking
Gruppe,group
Gruppen,groups
wachsen,grow
wächst,growing
gewachsen,grown
wächst,grows
Wachstum,growth
grausigen,gruesome
grunge,grunge
Garantie,guarantee
garantiert,guaranteed
Wache,guard
raten,guess
erraten,guessed
Erraten,guessing
Bewertung,guest
Gäste,guests
Leitfaden,guide
schuldig,guilty
Gitarre,guitar
Gitarrist,guitarist
Gitarristen,guitarists
Gitarren,guitars
Golf,gulf
gun,gun
Kerl,guy
Jungs,guys
gwen,gwen
Gewohnheit,habit
Gewohnheiten,habits
hack,hack
hatte,had
Haar,hair
einhalb,half
aufhalbemWeg,halfway
Halle,hall
Markenzeichen,hallmark
hamilton,hamilton
Hammer,hammer
hammond,hammond
Hand,hand
Handhabung,handling
Hände,hands
attraktiv,handsome
handy,handy
hank,hank
passieren,happen
geschehen,happened
passiert,happens
Glück,happiness
glücklich,happy
hart,hard
hardcore,hardcore
härter,harder
kaum,hardly
Schaden,harm
Harmonien,harmonies
Harmonie,harmony
harold,harold
harris,harris
Harrison,harrison
harry,harry
hart,harsh
harvard,harvard
hat,has
Hut,hat
hassen,hate
haßte,hated
Hasser,hater
Hasser,haters
haßt,hates
haunting,haunting
haben,have
unter,having
Verwüstung,havoc
hawaii,hawaii
er,he
Kopf,head
Kopfschmerzen,headache
Leitung,headed
Position,heading
Kopfhörer,headphones
Köpfe,heads
Gesundheit,health
gesund,healthy
hören,hear
gehört,heard
Anhörung,hearing
hört,hears
Herz,heart
herzzerreißend,heartbreaking
herzlichen,heartfelt
Herzen,hearts
herzerwärmend,heartwarming
Hitze,heat
Heidekraut,heathers
Himmel,heaven
schwerer,heavier
stark,heavily
schwer,heavy
heck,heck
Acht,heed
Höhe,height
Höhen,heights
Erben,heir
gehalten,held
Hölle,hell
Hallo,hello
Hilfe,help
geholfen,helped
hilfreich,helpful
helfen,helping
hilft,helps
daher,hence
henry,henry
hepburn,hepburn
ihr,her
hier,here
Held,hero
Helden,heroes
heroischen,heroic
heros,heros
ihr,hers
sich,herself
zögern,hesitate
Hey,hey
hallo,hi
versteckt,hidden
verstecken,hide
Versteckt,hides
Versteck,hiding
hoch,high
höher,higher
höchsten,highest
Highlight,highlight
Highlights,highlights
hoch,highly
Autobahn,highway
Ausgelassen,hilarious
urkomisch,hilariously
Hügel,hill
Hügel,hills
ihn,him
sich,himself
Hinweis,hint
hip,hip
Hip-Hop,hip-hop
hiphop,hiphop
Hippie,hippie
sein,his
Zischen,hiss
Historiker,historian
historischen,historical
Geschichte,history
schlagen,hit
hits,hits
hokey,hokey
halten,hold
hält,holds
Loch,hole
Löcher,holes
Urlaub,holiday
hohle,hollow
hollywood,hollywood
holmes,holmes
Holocaust,holocaust
heilig,holy
Hommage,homage
Heim,home
Obdachlose,homeless
ehrlich,honest
ehrlich,honestly
Ehrlichkeit,honesty
Honig,honey
Honky,honky
Ehre,honor
Haube,hood
Haken,hook
Haken,hooks
hop,hop
Hoffnung,hope
Hoffnung,hoped
hoffentlich,hopefully
hoffnungslos,hopelessly
Hoffnungen,hopes
Hoffnung,hoping
Trichter,hopper
Horn,horn
Hörner,horns
horrenden,horrendous
horrible,horrible
schrecklich,horribly
abscheulich,horrid
Horror,horror
Pferd,horse
Krankenhaus,hospital
heiß,hot
Stunden,hour
Stunden,hours
Haus,house
wie,how
jedoch,however
http,http
riesig,huge
hugh,hugh
huh,huh
Menschen,human
Menschlichkeit,humanity
Menschen,humans
demütigen,humble
Summen,humming
Humor,humor
humorvollen,humorous
Humor,humour
Hunderte,hundreds
verletzen,hurt
tutweh,hurts
Ehemann,husband
Hype,hype
hypnotischen,hypnotic
Hypothese,hypothesis
hysterischen,hysterical
i,i
Idee,idea
Ideal,ideal
Ideen,ideas
identifiziert,identified
ideologische,ideological
Idiot,idiot
idiotisch,idiotic
wenn,if
iggy,iggy
unwissend,ignorant
ignoriert,ignored
ignoriert,ignores
ii,ii
iii,iii
krank,ill
unlogisch,illogical
Illustrationen,illustrations
im,im
Bild,image
Bilder,images
vorstellbar,imaginable
imaginären,imaginary
Phantasie,imagination
fantasievolle,imaginative
vorstellen,imagine
imdb,imdb
imho,imho
Nachahmung,imitation
sofortige,immediate
sofort,immediately
sofort,immediatly
immens,immensely
Auswirkungen,impact
belastet,impacted
tadellosen,impeccable
unplausibel,implausible
Auswirkungen,implications
Import,import
Bedeutung,importance
wichtig,important
unmöglich,impossible
beeindrucken,impress
beeindruckt,impressed
Eindruck,impression
Impressionen,impressions
beeindruckende,impressive
verbessern,improve
verbessert,improved
Verbesserung,improvement
in,in
eingehende,in-depth
Ungenauigkeiten,inaccuracies
ungenau,inaccurate
alberne,inane
unangemessen,inappropriate
gehören,include
inbegriffen,included
umfasst,includes
einschließlich,including
inkohärent,incoherent
inkompetent,incompetent
unvollständig,incomplete
Widerspruch,inconsistent
falsch,incorrect
falsch,incorrectly
erhöhen,increase
unglaublich,incredible
unglaublich,incredibly
incubus,incubus
allerdings,indeed
Unabhängigkeit,independence
Individuell,independent
Indianer,indians
angeben,indicate
Anzeige,indication
indie,indie
einzelnen,individual
Personen,individuals
Industrie,industrial
Industrie,industry
ungeschickt,inept
unvermeidlich,inevitable
billig,inexpensive
unerklärlich,inexplicable
unerklärlicherweise,inexplicably
berüchtigte,infamous
vernarrt,infatuated
Infektionskrankheiten,infectious
inferior,inferior
Einfluss,influence
beeinflusst,influenced
Einflüsse,influences
einflussreichsten,influential
info,info
Informationen,information
informativ,informative
informiert,informed
Zutaten,ingredients
Einwohner,inhabitants
ersten,initial
zunächst,initially
Unschuld,innocence
unschuldig,innocent
innovative,innovative
insane,insane
innen,inside
Einblick,insight
aufschlussreiche,insightful
Einblicke,insights
faden,insipid
Inspiration,inspiration
Inspiration,inspirational
inspirieren,inspire
inspiriert,inspired
inspirierend,inspiring
Beispiel,instance
Instant,instant
sofort,instantly
anstatt,instead
insted,insted
Instinkt,instinct
Instinkte,instincts
Institut,institute
Unterricht,instruction
Instruktor,instructor
Instrument,instrument
instrumental,instrumental
Instrumentals,instrumentals
Instrumentierung,instrumentation
Instrumente,instruments
unerträglich,insufferable
Beleidigung,insult
Beleidigung,insulting
geistigen,intellectual
intellektuell,intellectually
Intelligenz,intelligence
intelligente,intelligent
bestimmt,intended
intensive,intense
Intensität,intensity
Absicht,intention
Absichten,intentions
Interaktion,interact
Interaktion,interaction
Wechselwirkungen,interactions
Interesse,interest
interessiert,interested
interessant,interesting
Interessen,interests
Zwischenspiel,interlude
Zwischenziele,intermediate
Internet,internet
Auslegung,interpretation
Interpretationen,interpretations
Interview,interview
Interviews,interviews
Intimität,intimacy
in,into
verwickelte,intricate
fasziniert,intrigued
faszinierend,intriguing
intro,intro
eingeführt,introduced
führt,introduces
Einführung,introducing
Einführung,introduction
Introspektion,introspective
vonunschätzbaremWert,invaluable
erfunden,invented
investiert,invested
Untersuchung,investigation
unsichtbar,invisible
laden,invite
beteiligt,involved
Beteiligung,involvement
beinhaltet,involves
mit,involving
Irland,ireland
Ironie,ironic
ironisch,ironically
Ironie,irony
unverantwortlich,irresponsible
gereizt,irritated
reizend,irritating
ist,is
islam,islam
Angelegenheit,issue
ausgestellt,issued
Fragen,issues
es,it
Italienisch,italian
Italien,italy
Element,item
ihre,its
selbst,itself
itunes,itunes
iz,iz
ja,ja
jack,jack
Jacke,jacket
jackson,jackson
jacques,jacques
Gefängnis,jail
jam,jam
james,james
Staus,jams
Japanisch,japanese
Erschütterungen,jarring
jason,jason
Kiefer,jaw
Kiefer,jaws
jay,jay
Jazz,jazz
Eifersucht,jealousy
jeff,jeff
jeffrey,jeffrey
jennifer,jennifer
jesse,jesse
jessica,jessica
jesus,jesus
Juwel,jewel
Juden,jews
jim,jim
Job,job
Jobs,jobs
joe,joe
john,john
johnny,johnny
johnson,johnson
beteiligen,join
beigetreten,joined
Witz,joke
Witze,jokes
jolie,jolie
jones,jones
joni,joni
Jordanien,jordan
joseph,joseph
Journalist,journalist
Reise,journey
Freude,joy
freudige,joyful
judas,judas
Judd,judd
Richter,judge
Beurteilung,judging
julie,julie
direkt,jump
sprang,jumped
Springen,jumping
Sprünge,jumps
Dschungel,jungle
Junk,junk
nur,just
Gerechtigkeit,justice
rechtfertigen,justify
Jugendkriminalität,juvenile
k,k
kane,kane
Karaoke,karaoke
kate,kate
behalten,keep
Halter,keeper
halten,keeping
hält,keeps
keith,keith
kelly,kelly
gehalten,kept
kevin,kevin
Schlüssel,key
Tastatur,keyboard
Tastaturen,keyboards
Schlüssel,keys
kick,kick
kicking,kicking
kicks,kicks
kid,kid
Scherz,kidding
Kinder,kids
töten,kill
getötet,killed
killer,killer
Mörder,killers
Tötung,killing
kim,kim
freundlich,kind
kinda,kinda
König,king
Kuss,kiss
wusste,knew
Ritter,knight
wissen,know
Wissen,knowing
Wissen,knowledge
sachverständigen,knowledgeable
bekannt,known
weiß,knows
kong,kong
Koontz,koontz
Koreanisch,korean
korn,korn
Kurosawa,kurosawa
kurt,kurt
l,l
la,l.a
la,la
Label,label
Arbeit,labor
geschnürt,laced
Mangel,lack
fehlt,lacking
glanzlos,lackluster
fehlt,lacks
Damen,ladies
Dame,lady
gelegt,laid
laid-back,laid-back
Lämmer,lambs
lame,lame
lancaster,lancaster
Land,land
Wahrzeichen,landmark
Landschaft,landscape
Spur,lane
Sprache,language
Sprachen,languages
große,large
mehr,larger
larry,larry
las,las
Laser,laser
dauern,last
dauerte,lasted
dauerhafte,lasting
dauert,lasts
spät,late
inletzterZeit,lately
später,later
spätestens,latest
Latein,latin
Letzteres,latter
lachen,laugh
lächerlich,laughable
Lachen,laughing
lacht,laughs
laura,laura
Recht,law
Rasen,lawn
Rechtsanwalt,lawyer
legen,lay
Schicht,layer
geschichtet,layered
Schichten,layers
Layout,layout
legt,lays
faul,lazy
le,le
führen,lead
Führer,leader
führenden,leading
führt,leads
Liga,league
Sprung,leap
Sprünge,leaps
lernen,learn
gelernt,learned
Lernen,learning
lernt,learns
geringste,least
verlassen,leave
Blätter,leaves
verlassen,leaving
geführt,led
lee,lee
verließ,left
Vermächtnis,legacy
Rechtsgrundlage,legal
Legende,legend
legendären,legendary
Beine,legs
leigh,leigh
Länge,length
Längen,lengths
langwierige,lengthy
lennon,lennon
Leonard,leonard
weniger,less
geringerer,lesser
Lektion,lesson
Unterricht,lessons
lassen,let
Enttäuschung,letdown
können,lets
Schreiben,letter
Briefe,letters
Vermietung,letting
Ebene,level
Ebenen,levels
lewis,lewis
li,li
liam,liam
liberal,liberal
Liberale,liberals
Bibliothek,library
Lizenz,license
Licks,licks
Lüge,lie
liegt,lies
Leben,life
leblos,lifeless
Lifestyle,lifestyle
hob,lifted
Licht,light
Beleuchtung,lighting
Blitz,lightning
Lichter,lights
wie,like
gern,liked
wahrscheinlich,likely
mag,likes
lil,lil
Lilie,lily
begrenzt,limited
Grenzen,limits
line,line
Aufstellung,line-up
Liner,liner
Linien,lines
Link,link
verbunden,linked
linkin,linkin
Löwe,lion
Lippen,lips
Liste,list
aufgeführten,listed
hören,listen
angehört,listened
Zuhörer,listener
Hörer,listeners
Hören,listening
hört,listens
Inserat,listing
Listen,lists
lite,lite
wörtlich,literally
klein,little
leben,live
gelebt,lived
lebhaften,lively
Leben,lives
Wohnzimmer,living
laden,load
Darlehen,loan
lokalen,local
Lage,located
Standort,location
Standorte,locations
gesperrt,locked
Logik,logic
logisch,logically
Lois,lois
lol,lol
london,london
Einsamkeit,loneliness
einsam,lonely
lang,long
mehr,longer
längsten,longest
Aussehen,look
sah,looked
suchen,looking
sieht,looks
locker,loosely
Herr,lord
los,los
verlieren,lose
Verlierer,loser
verliert,loses
verlieren,losing
Verlust,loss
verloren,lost
viel,lot
Lose,lots
laut,loud
louis,louis
lausig,lousy
Liebe,love
geliebt,loved
lieblich,lovely
Liebhaber,lover
Liebhaber,lovers
liebt,loves
Liebe,loving
niedrig,low
Low-Budget-,low-budget
unteren,lower
loyale,loyal
Treue,loyalty
lp,lp
lps,lps
lucas,lucas
Glück,luck
zumGlück,luckily
glücklich,lucky
lucy,lucy
lächerlich,ludicrous
Wiegenlied,lullaby
üppig,lush
Luther,luther
Lyrik,lyric
lyrische,lyrical
lyrisch,lyrically
Lyrik,lyricism
lyrics,lyrics
m,m
mac,mac
Maschine,machine
irr,mad
hergestellt,made
madonna,madonna
Mafia,mafia
Magazin,magazine
Magie,magic
magische,magical
herrliche,magnificent
Mail,mail
hauptsächlich,main
vorallem,mainly
Mainstream,mainstream
bedeutend,major
machen,make
Make-up,make-up
Entscheidungsträger,makers
macht,makes
machen,making
männlich,male
böswillige,malevolent
Mall,mall
mama,mama
Mann,man
Verwaltung,manage
verwaltet,managed
Führungskräfte,managers
verwaltet,manages
Mandoline,mandolin
Manipulation,manipulation
Weise,manner
Manieren,mannerisms
Handbuch,manual
viele,many
anzeigen,map
marc,marc
Marsch,march
marilyn,marilyn
Marke,mark
Markt,market
vermarktet,marketed
Marketing,marketing
Märkte,markets
Marken,marks
verheiratet,married
heiraten,marry
mars,mars
martha,martha
martin,martin
wunderbar,marvelous
marvin,marvin
mary,mary
männlich,masculine
Massaker,massacre
Massen,masses
massive,massive
Meister,master
meisterhafte,masterful
meisterhaft,masterfully
Mastering,mastering
Meisterwerk,masterpiece
Meisterwerke,masterpieces
Meisterschaft,mastery
abgleichen,match
Material,material
math,math
Angelegenheit,matter
Ältere,mature
Reife,maturity
max,max
dürfen,may
vielleicht,maybe
mc,mc
mccartney,mccartney
McDonald,mcdonald
mich,me
bedeuten,mean
mean-spirited,mean-spirited
Sinne,meaning
sinnlos,meaningless
bedeutet,means
bedeutete,meant
Fleisch,meat
mittelmäßig,mediocre
Mittelmäßigkeit,mediocrity
begegnen,meet
Besprechung,meeting
Sitzungen,meetings
erfüllt,meets
mel,mel
Melancholie,melancholy
mellow,mellow
melodische,melodic
Melodien,melodies
Melodram,melodrama
melodramatischen,melodramatic
Melodie,melody
Mitglied,member
Mitglieder,members
Memoiren,memoir
unvergesslichen,memorable
Erinnerungen,memories
Speicher,memory
Männer,men
Mentalität,mentality
Erwähnung,mention
genannten,mentioned
erwähnt,mentions
Mentor,mentor
nur,merely
Verdienst,merit
Verdienste,merits
hypnotisiert,mesmerized
Durcheinander,mess
Nachricht,message
Nachrichten,messages
begegnet,met
Metall,metal
Metapher,metaphor
Metaphern,metaphors
Methode,method
Methoden,methods
Mexiko,mexico
mi,mi
miami,miami
michael,michael
mick,mick
Mitte,mid
Mitte,middle
Mitternacht,midnight
Mitte,midst
Mifune,mifune
könnte,might
mächtigen,mighty
mike,mike
mild,mildly
Meilen,miles
Militär,military
Müller,miller
Mio.,million
Millionen,millions
Verstand,mind
mindless,mindless
Denkweise,mindset
mein,mine
Mini,mini
Mini-Serie,mini-series
minimal,minimal
Moll,minor
Minderheit,minority
mins,mins
Minute,minute
Minute,minutes
Spiegel,mirror
kläglich,miserably
Elend,misery
fehlgeleiteten,misguided
irreführen,mislead
irreführend,misleading
fehlen,miss
verfehlt,missed
vermisst,misses
fehlend,missing
missy,missy
Fehler,mistake
verwechselt,mistaken
Fehler,mistakes
mitchell,mitchell
mix,mix
gemischt,mixed
Mixe,mixes
Mischen,mixing
Mischung,mixture
mo,mo
mob,mob
mobb,mobb
Modus,mode
modernen,modern
Schimmel,mold
Mama,mom
Moment,moment
Momente,moments
Geld,money
Affen,monkey
mono,mono
monotone,monotonous
Monster,monster
Monster,monsters
Monat,month
Monat,months
monty,monty
Laune,mood
launisch,moody
Mond,moon
mehr,more
außerdem,moreover
morgan,morgan
Morgen,morning
moron,moron
Idioten,morons
morris,morris
morrison,morrison
sterblich,mortal
äußerst,most
meist,mostly
Mutter,mother
Mütter,mothers
Bewegung,motion
Motorrad,motorcycle
Berg,mountain
Berge,mountains
Mund,mouth
bewegen,move
verschoben,moved
Bewegungen,movements
bewegt,moves
movi,movi
Film,movie
Filme,movies
Bewegung,moving
mp3,mp3
mr,mr
mrs,mrs
ms,ms
mtv,mtv
viel,much
schlammig,muddy
mehrere,multiple
Mumie,mummy
mundane,mundane
Mord,murder
ermordet,murdered
Murray,murray
Musik,music
Musical,musical
musikalisch,musically
Musiker,musician
Musiker,musicians
Musikalität,musicianship
müssen,must
"must-have""",must-have
must-see,must-see
gedämpft,muted
mein,my
myers,myers
mich,myself
geheimnisvollen,mysterious
Geheimnis,mystery
Mythen,myths
n,n
Nagel,nail
naive,naive
nackt,naked
Name,name
Namen,named
nämlich,namely
Namen,names
Kindermädchen,nanny
Erzählung,narrative
Erzähler,narrator
nas,nas
nasal,nasal
nationalen,national
natürlichen,natural
natürlich,naturally
Natur,nature
navigieren,navigate
Marine,navy
nazis,nazis
nbc,nbc
nahe,near
fast,nearly
unbedingt,necessarily
notwendig,necessary
Hals,neck
brauchen,need
erforderlich,needed
Bedürfnisse,needs
neeson,neeson
negative,negative
Nachbarschaft,neighborhood
Nachbarn,neighbors
neil,neil
weder,neither
nelly,nelly
nelson,nelson
Neffe,nephew
Nerven,nerves
Nest,nest
Netzwerk,network
nie,never
trotzdem,nevertheless
neu,new
Newcomer,newcomer
neueste,newest
neu,newly
newman,newman
News,news
Zeitung,newspaper
nächster,next
nett,nice
Nicholson,nicholson
nick,nick
Nielsen,nielsen
Nacht,night
Alptraum,nightmare
Nächte,nights
neun,nine
derneunzigerJahre,nineties
niro,niro
nein,no
niemand,nobody
noir,noir
Geräusch,noise
nolte,nolte
nominiert,nominated
Nominierung,nomination
nicht,non
inexistent,non-existent
non-stop,non-stop
keine,none
dennoch,nonetheless
Unsinn,nonsense
unsinnige,nonsensical
nope,nope
noch,nor
nora,nora
normal,normal
inderRegel,normally
Norden,north
Nase,nose
Nostalgie,nostalgia
Nostalgie,nostalgic
nicht,not
bemerkenswert,notable
insbesondere,notably
Kerbe,notch
Note,note
Notizen,notes
nichts,nothing
Hinweis,notice
bemerkt,noticed
Roman,novel
Neuling,novice
jetzt,now
nirgends,nowhere
nuancierten,nuanced
Nuancen,nuances
Kernenergie,nuclear
nude,nude
Nacktheit,nudity
Anzahl,number
Zahlen,numbers
Nonne,nun
Krankenschwester,nurse
Kindergarten,nursery
Nüsse,nuts
nwa,nwa
o,o
Objekte,objects
obligatorisch,obligatory
unausstehlich,obnoxious
Bemerkungen,observations
besessen,obsessed
obsessiv,obsessive
veraltet,obsolete
erhalten,obtain
klar,obvious
offensichtlich,obviously
gelegentliche,occasional
Gelegenheiten,occasions
Ozean,ocean
Oktober,october
merkwürdig,odd
seltsam,oddly
Odds,odds
ode,ode
von,of
aus,off
offbeat,offbeat
Offensive,offensive
anbieten,offer
Angebot,offering
Angebote,offerings
Angebote,offers
Büro,office
offiziell,officially
häufig,often
oft,oftentimes
oh,oh
ohio,ohio
OK,ok
okay,okay
ol,ol
alt,old
älteren,older
älteste,oldest
Jährigen,olds
Unterlassung,omission
unterlässt,omits
auf,on
einmal,once
eins,one
eindimensionale,one-dimensional
einseitig,one-sided
diejenigen,ones
laufenden,ongoing
nur,only
öffnen,open
Öffner,opener
Eröffnung,opening
offen,openly
Oper,opera
Meinung,opinion
Meinungen,opinions
Gegner,opponent
Gelegenheit,opportunity
gegenüber,opposite
Unterdrückung,oppression
Option,option
Optionen,options
oder,or
Orchester,orchestra
Orchester,orchestral
Auftrag,order
bestellt,ordered
Bestellung,ordering
gewöhnlichen,ordinary
Orgel,organ
Organisation,organization
organisiert,organized
Herkunft,origin
Original,original
Originalität,originality
ursprünglich,originally
Originale,originals
oscar,oscar
Oscars,oscars
andere,other
andere,others
anderenfalls,otherwise
sollte,ought
unser,our
uns,ourselves
aus,out
veraltet,outdated
Outlaw,outlaw
Konturen,outlines
Ausgang,output
Siegwette,outright
außen,outside
ausstehenden,outstanding
über,over
überkontrolliert,overacting
überall,overall
übersehen,overlook
übersehen,overlooked
übermäßig,overly
überbewertet,overplayed
Überproduktion,overproduced
überschätzt,overrated
Überblick,overview
verdanken,owe
owen,owen
verdankt,owes
eigen,own
Besitz,owned
Eigentümer,owners
Eigentümer,owning
p,p
ps,p.s
Tempo,pace
paced,paced
pacific,pacific
pacino,pacino
Packung,pack
Paket,package
Verpackung,packaging
verpackt,packed
Seite,page
Seiten,pages
bezahlt,paid
Schmerz,pain
schmerzhaft,painful
schmerzlich,painfully
Farbe,paint
Maler,painter
Gemälde,paintings
Paar,pair
Palast,palace
blass,pale
Panther,panther
pants,pants
Papier,paper
Paperback,paperback
Papiere,papers
par,par
Parade,parade
Paradigma,paradigm
Paradies,paradise
Absatz,paragraph
Absätze,paragraphs
Eltern,parent
Eltern,parents
paris,paris
Park,park
Parkplätze,parking
Parodie,parody
Teil,part
Teilnehmer,participants
Teilnahme,participate
insbesondere,particular
besonders,particularly
Partner,partner
Teile,parts
Party,party
pass,pass
Passage,passage
Weitergabe,passing
Leidenschaft,passion
Leidenschaft,passionate
Vergangenheit,past
offensichtlich,patently
Pfad,path
pathetisch,pathetic
Geduld,patience
patricia,patricia
Patterson,patterson
paul,paul
zahlen,pay
Zahlung,paying
pc,pc
Frieden,peace
friedlichen,peaceful
Peak,peak
Pedal,pedal
Fußgänger,pedestrian
peers,peers
Feder,penned
Penny,penny
Leute,people
Völker,peoples
Pfeffer,pepper
pro,per
Anteil,percentage
Percussion,percussion
perfekt,perfect
Perfektion,perfection
perfekt,perfectly
durchführen,perform
Leistung,performance
Aufführungen,performances
durchgeführt,performed
Performer,performer
Künstler,performers
Durchführung,performing
führt,performs
vielleicht,perhaps
Zeitraum,period
Person,person
persönlichen,personal
Persönlichkeiten,personalities
Persönlichkeit,personality
persönlich,personally
Perspektive,perspective
perverse,perverse
pet,pet
Peter,peter
kleinlich,petty
ph.d,ph.d
phänomenalen,phenomenal
phil,phil
Philharmonie,philharmonic
philosophischen,philosophical
Telefon,phone
Foto,photo
fotografiert,photographed
Fotografien,photographs
Fotografie,photography
Sätze,phrases
Phrasierung,phrasing
physikalischen,physical
Pianist,pianist
Klavier,piano
Pick,pick
hob,picked
Kommissionierung,picking
nimmt,picks
Bild,picture
pie,pie
Stück,piece
Stück,pieces
Pierce,pierce
Taube,pigeon
Pilates,pilates
Stapel,pile
rosa,pink
Rohre,pipes
erbärmlich,pitiful
pitt,pitt
Mitleid,pity
Platz,place
platziert,placed
Platzierung,placing
Pest,plague
plain,plain
Plan,plan
Planeten,planet
geplant,planned
Planung,planning
Pläne,plans
Anlage,plant
Kunststoff,plastic
Platin,platinum
spielen,play
gespielt,played
Spieler,player
Spieler,players
spielerisch,playful
spielen,playing
spielt,plays
angenehmen,pleasant
angenehm,pleasantly
bitte,please
zufrieden,pleased
Vergnügen,pleasure
viel,plenty
Grundstück,plot
Handlungsstrang,plotline
Grundstücke,plots
plus,plus
Gedicht,poem
Dichter,poet
poetische,poetic
Poesie,poetry
poignant,poignant
Punkt,point
wies,pointed
sinnlos,pointless
Punkte,points
Polizei,police
Politik,policies
Politik,policy
poliert,polished
politischen,political
Politiker,politicians
pompösen,pompous
arm,poor
schlecht,poorly
pop,pop
Pop-Rock,pop-rock
Mohn,poppy
beliebt,popular
porn,porn
Teil,portion
Porträt,portrait
Darstellung,portrayal
dargestellt,portrayed
Darstellung,portraying
poser,poser
Posen,poses
positive,positive
positiv,positively
besitzen,possess
Möglichkeiten,possibilities
möglich,possible
möglicherweise,possibly
post,post
Gesendet,posted
Topf,pot
Potenzial,potential
Pfund,pound
Schlagen,pounding
Kraft,power
leistungsstarke,powerful
praktische,practical
praktisch,practically
Praxis,practice
Praktiken,practices
Lob,praise
beten,pray
Gebet,prayer
präzise,precise
Vorgänger,predecessor
vorhersehbaren,predictable
bevorzugen,prefer
bevorzugt,preferred
Vorurteile,prejudice
premier,premier
Prämisse,premise
Vorbereitung,preparing
widersinnig,preposterous
Präsenz,presence
vorhanden,present
Präsentation,presentation
vorgestellt,presented
präsentiert,presenting
Geschenke,presents
erhalten,preserved
Präsidentschaftswahlen,presidential
Presse,press
Druck,pressure
renommierten,prestigious
vermutlich,presumably
vorgeben,pretend
anspruchsvoll,pretentious
hübsch,pretty
verhindern,prevent
Zurück,previous
zuvor,previously
Beute,prey
Preis,price
inersterLinie,primarily
Primär,primary
Prinzessin,princess
Grundsätze,principles
print,print
Drucken,printing
vor,prior
Gefängnis,prison
Gefangener,prisoner
Häftlinge,prisoners
private,private
pro,pro
wahrscheinlich,probably
Problem,problem
Probleme,problems
Prozess,process
Prozesse,processes
produzieren,produce
hergestellt,produced
Produzent,producer
Hersteller,producers
Produktion,producing
Produkt,product
Produktion,production
Produkte,products
prof,prof
Profanität,profanity
professionelle,professional
Professor,professor
tiefe,profound
prog,prog
Programm,program
Fortschritte,progress
progressive,progressive
Projekt,project
fruchtbar,prolific
prom,prom
prominente,prominent
versprochen,promised
vielversprechend,promising
Förderung,promote
Beweis,proof
Propaganda,propaganda
ordnungsgemäße,proper
richtig,properly
Eigenschaften,properties
Eigentum,property
Anteil,proportion
Protagonist,protagonist
Protest,protest
stolz,proud
beweisen,prove
bewiesen,proved
"beweist,",proves
anbieten,provide
bietet,provides
Bereitstellung,providing
provozieren,provoking
ps,ps
psychedelic,psychedelic
Psychiater,psychiatrist
psychischen,psychic
psycho,psycho
psychologische,psychological
Öffentlichkeit,public
Veröffentlichung,publication
Werbung,publicity
veröffentlicht,published
Verlag,publisher
Veröffentlichung,publishing
Pull,pull
zog,pulled
Ziehen,pulling
pulsierenden,pulsating
Puls,pulse
pun,pun
Punsch,punch
Satzzeichen,punctuation
punk,punk
Punks,punks
Marionette,puppet
kaufen,purchase
gekauft,purchased
Einkauf,purchasing
reinen,pure
rein,purely
Zweck,purpose
Zwecke,purposes
verfolgen,pursue
Fortsetzung,pursuing
Verfolgung,pursuit
Push,push
geschoben,pushed
Schieben,pushing
legen,put
puts,puts
Putting,putting
Quaid,quaid
qualifizierten,qualified
Qualitäten,qualities
Qualität,quality
Quartett,quartet
Königin,queen
Suche,quest
Frage,question
Fragen,questions
schnell,quick
schnell,quickly
still,quiet
Quintett,quintet
beenden,quit
ziemlich,quite
Angebot,quote
zitieren,quoting
r,r
r&b,r&b
rip,r.i.p
Kaninchen,rabbit
Rennen,race
Rennen,races
rassistische,racist
radikale,radical
Radio,radio
Regen,rain
regnerisch,rainy
anheben,raise
hob,raised
ralph,ralph
Wanderung,ramble
Wandern,rambling
lief,ran
random,random
randy,randy
Bereich,range
ranting,ranting
rap,rap
Vergewaltigung,rape
vergewaltigt,raped
schnell,rapidly
Rapper,rapper
Rapper,rappers
Klopfen,rapping
selten,rare
selten,rarely
Rate,rate
bewertet,rated
Preise,rates
eher,rather
Bewertung,rating
Verhältnis,ratio
rationelle,rational
roh,raw
ray,ray
raymond,raymond
rca,rca
re-mastered,re-mastered
re-recorded,re-recorded
erreicht,reached
reagieren,react
Reaktion,reaction
Reaktionen,reactions
lesen,read
Lesung,reading
Lesungen,readings
bereit,ready
real,real
derrealenWelt,real-world
realistisch,realistic
realistisch,realistically
Realitäten,realities
Realität,reality
realisieren,realize
realisiert,realized
wirklich,really
hinten,rear
Grund,reason
vernünftigerweise,reasonably
Gründe,reasons
reba,reba
Rebellen,rebel
empfehlen,reccomend
erhalten,receive
erhalten,received
erhält,receives
bisherigen,recent
vorkurzem,recently
erhalten,recieved
Rezepte,recipes
Anerkennung,recognition
erkennbar,recognizable
erkennen,recognize
empfehlen,recomend
empfehlen,recommend
Empfehlungen,recommendations
empfohlen,recommended
inEinklangzubringen,reconcile
Rekord,record
erfasst,recorded
Aufnahme,recording
Aufnahmen,recordings
Datensätze,records
neu,recreate
Recycling,recycled
rot,red
einlösen,redeem
Einlösen,redeeming
Redgrave,redgrave
reduziert,reduces
redundante,redundant
beziehen,refer
Referenzen,references
wider,reflected
Reflexion,reflection
reflektierenden,reflective
erfrischende,refreshing
Erstattung,refund
verweigern,refuse
Ablehnung,refusing
Achtung,regard
ungeachtet,regardless
Grüße,regards
Region,region
Bedauern,regret
regelmäßige,regular
regelmäßig,regularly
Aufguss,rehash
Neuauflage,reissue
neuaufgelegt,reissued
related,related
betrifft,relates
Beziehungen,relations
Beziehung,relationship
Beziehungen,relationships
relativen,relative
relativ,relatively
Entspannung,relax
Entspannung,relaxing
Freigabe,release
veröffentlicht,released
Veröffentlichungen,releases
einschlägigen,relevant
Religion,religion
religiösen,religious
erleben,relive
bleiben,remain
blieb,remained
verbleibenden,remaining
bleibt,remains
Remake,remake
Remakes,remakes
Bemerkenswert,remarkable
bemerkenswert,remarkably
remastered,remastered
Remastering,remastering
erinnern,remember
Erinnerung,remembered
erinnern,remind
erinnert,reminded
Erinnerung,reminder
erinnert,reminds
remix,remix
Remixe,remixes
remote,remotely
entfernen,remove
render,render
Überstellungen,rendition
Mieten,rent
vermietet,rented
Vermietung,renting
wiederholen,repeat
wiederholt,repeated
Wiederholung,repeating
wiederholt,repeats
Wiederholung,repetition
repetitive,repetitive
ersetzen,replace
Fassung,replaced
Ersatz,replacement
Bericht,report
Berichterstattung,reporting
stellen,represent
Vertreter,representative
vertreten,represented
stellt,represents
Republik,republic
republikanische,republican
Ruf,reputation
erforderlich,required
Rettung,rescue
Recherche,researching
gleicht,resembles
widerstehen,resist
beheben,resolve
gelöst,resolved
Ressource,resource
Achtung,respect
respektablen,respectable
bzw.,respectively
verantwortlich,responsible
Rest,rest
restauriert,restored
Ergebnis,result
Ergebnisse,results
verzögert,retarded
Rückzug,retreat
zurück,return
zurück,returned
Renditen,returns
enthüllen,reveal
enthüllt,revealing
enthüllt,reveals
Offenbarung,revelation
Rache,revenge
Reverb,reverb
reverse,reverse
Revision,review
Gutachter,reviewer
Kritiken,reviewers
Bewertungen,reviews
widerlich,revolting
Revolution,revolution
revolutionäre,revolutionary
Belohnung,rewarding
Reime,rhymes
Rhythmus,rhythm
Rhythmen,rhythms
reich,rich
richard,richard
los,rid
reiten,ride
Fahrer,rider
Fahrten,rides
lächerlich,ridiculous
lächerlich,ridiculously
Reiten,riding
riff,riff
Riffs,riffs
richtig,right
Rechte,rights
rio,rio
Aufruhr,riot
rip,rip
rip-off,rip-off
Gaunerei,ripoff
gerippt,ripped
ansteigen,rise
steigende,rising
Straße,road
rob,rob
beraubt,robbed
Raub,robbery
robert,robert
robin,robin
Roboter,robot
rock,rock
Rocker,rocker
Rocker,rockers
Rakete,rocket
Felsen,rocks
felsigen,rocky
Rodgers,rodgers
roger,roger
Rogers,rogers
Rolle,role
Rollen,roles
roll,roll
Walze,roller
Walzen,rolling
roman,roman
Romantik,romance
Romantik,romantic
rom,rome
romero,romero
ronald,ronald
ronnie,ronnie
Dach,roof
Raum,room
Mitbewohner,roommate
root,root
Wurzeln,roots
stieg,rose
ross,ross
morsch,rotten
rau,rough
etwa,roughly
Runde,round
Rourke,rourke
Route,route
Reihe,row
roy,roy
royal,royal
Müll,rubbish
Ruine,ruin
ruiniert,ruined
ruinieren,ruining
Ruinen,ruins
Regel,rule
Regeln,rules
laufen,run
Run-of-the-mill,run-of-the-mill
Laufen,running
läuft,runs
rush,rush
stürzte,rushed
russell,russell
rücksichtslose,ruthless
Ryder,ryder
s,s
traurig,sad
sade,sade
traurig,sadly
Trauer,sadness
Sicherheit,safety
gesagt,said
Interesse,sake
Verkauf,sale
sally,sally
Salsa,salsa
gleich,same
Beispiel,sample
Sampler,sampler
Proben,samples
Probenahme,sampling
san,san
sang,sang
santa,santa
santana,santana
saftige,sappy
sarah,sarah
SA,sat
befriedigend,satisfying
Samstag,saturday
sichern,save
gespeichert,saved
spart,saves
Speichern,saving
Säge,saw
Saxophon,saxophone
sagen,say
sagen,saying
sagt,says
scare,scare
verängstigt,scared
Ängste,scares
Schauergeschichten,scarier
scary,scary
verstreut,scattered
Szenario,scenario
Szene,scene
Landschaft,scenery
Szenen,scenes
Zeitplan,schedule
Regelung,scheme
Schule,school
Sci-Fi,sci-fi
Wissenschaft,science
Wissenschaftler,scientist
Umfang,scope
Gäste,score
erzielte,scored
Noten,scores
scott,scott
kratzen,scratch
Kratzen,scratching
kratzig,scratchy
schreien,screaming
Schreie,screams
Bildschirm,screen
Drehbuch,screenplay
Screwball,screwball
script,script
Schrift,scripture
blättern,scroll
Meer,sea
Suche,search
Benutzer,searching
Saison,season
Jahreszeiten,seasons
seattle,seattle
Sekunden,second
zweitens,secondly
Sekunden,seconds
Geheimnis,secret
Sekretärin,secretary
Geheimnisse,secrets
Abschnitt,section
Sektionen,sections
verführerisch,seductive
sehen,see
Sehen,seeing
erstreben,seek
suchen,seeking
scheinen,seem
schien,seemed
scheint,seems
gesehen,seen
sieht,sees
Segment,segment
ausgewählt,selected
Auswahl,selection
Selektionen,selections
Selbst,self
zügellos,self-indulgent
selbstsüchtig,selfish
verkaufen,sell
Verkäufer,seller
Verkauf,selling
verkauft,sells
senden,send
Senden,sending
sendet,sends
Sinn,sense
Sinnlichkeit,sensibility
sensiblen,sensitive
sinnlich,sensual
gesendet,sent
Satz,sentence
Sätze,sentences
Stimmung,sentiment
Gefühle,sentiments
sepultura,sepultura
Fortsetzung,sequel
Fortsetzungen,sequels
Sequenz,sequence
Sequenzen,sequences
Serie,series
schweren,serious
ernst,seriously
serviert,served
Service,service
Tagung,session
Sitzungen,sessions
festlegen,set
Set-up,set-up
Sets,sets
Einstellung,setting
Einstellungen,settings
regeln,settle
sieben,seven
siebten,seventh
siebzigerJahre,seventies
mehrere,several
schweren,severe
schwer,severely
sex,sex
sexistischen,sexist
sexuellen,sexual
sexy,sexy
Schatten,shade
Schatten,shadow
Schatten,shadows
schattigen,shady
shakespeare,shakespeare
wackelig,shaky
seicht,shallow
Schande,shame
Form,shape
Anteil,share
Aktien,shares
Austausch,sharing
scharf,sharp
sie,she
Schuppen,shed
schieren,sheer
Sheriff,sheriff
Schicht,shift
Glanz,shine
glänzt,shines
shining,shining
Schiff,ship
Versand,shipping
Schiffe,ships
Schock,shock
schockiert,shocked
schockierend,shocking
Schuhe,shoes
schießen,shoot
Schießen,shooting
Triebe,shoots
Shop,shop
Warenkorb,shopping
kurz,short
kürzer,shorter
kurz,shortly
shot,shot
Schüsse,shots
sollen,should
schreien,shouting
zeigen,show
Vitrinen,showcases
Showdown,showdown
zeigte,showed
Anzeigen,showing
gezeigt,shown
zeigt,shows
krank,sick
Krankheit,sickness
Seite,side
Sidekick,sidekick
Seiten,sides
sidney,sidney
Anmelden,sign
unterzeichnet,signed
Bedeutung,significance
Zeichen,signs
Schweigen,silence
schweigen,silent
albern,silly
Silber,silver
ähnlich,similar
ähnlich,similarly
einfache,simple
vereinfachend,simplistic
einfach,simply
simpson,simpson
gleichzeitig,simultaneously
sin,sin
seit,since
singen,sing
Sänger,singer
Sänger,singers
Singen,singing
einzeln,single
Singles,singles
singt,sings
sissy,sissy
Schwester,sister
Schwestern,sisters
sitzen,sit
Website,site
Websites,sites
Sitzung,sitting
Lage,situation
Situationen,situations
sechs,six
sechzigerJahre,sixties
Größe,size
Skelett,skeleton
Fertigkeit,skill
Fertigkeiten,skills
Magermilch,skimmed
Haut,skin
überspringen,skip
Überspringen,skipping
Sketche,skits
Himmel,sky
slang,slang
Ohrfeige,slap
slavey,slave
schlafen,sleep
Schlafen,sleeping
leicht,slightly
dünn,slim
slip,slip
schlampig,sloppy
langsam,slow
langsamer,slower
langsam,slowly
verlangsamt,slows
schlau,sly
klein,small
kleinere,smaller
gerissen,smart
intelligentere,smarter
smash,smash
smashing,smashing
lächeln,smile
smith,smith
Rauch,smoke
smokin,smokin
Rauchen,smoking
glatt,smooth
schleichen,sneak
Snipes,snipes
snl,snl
Schnee,snow
so,so
sogenannten,so-called
so-so,so-so
Soaring,soaring
sozialen,social
Gesellschaft,society
weichen,soft
softcore,softcore
weicher,softer
verkauft,sold
ausschließlich,solely
solide,solid
solo,solo
Solo,soloing
Solisten,soloists
Soli,solos
Lösung,solution
lösen,solve
gelöst,solved
düster,somber
einige,some
jemand,somebody
irgendwie,somehow
jemand,someone
etwas,something
manchmal,sometimes
etwas,somewhat
irgendwo,somewhere
Sohn,son
Lied,song
Liederbuch,songbook
Titel,songs
Songwriter,songwriter
Songwriter,songwriters
Songwriting,songwriting
sonic,sonic
Sonny,sonny
sony,sony
bald,soon
soooo,soooo
beruhigende,soothing
schmerzlich,sorely
bekümmert,sorry
Art,sort
Art,sorts
Seele,soul
soulful,soulful
seelenlos,soulless
Seelen,souls
Sound,sound
klang,sounded
klingende,sounding
Sounds,sounds
Soundtrack,soundtrack
Quelle,source
Süden,south
südlichen,southern
Sowjet,soviet
Raum,space
span,span
Ersatzteile,spare
Funke,spark
sparse,sparse
sprechen,speak
Sprechen,speaking
spricht,speaks
besondere,special
spezifischen,specific
spektakuläre,spectacular
Geschwindigkeit,speed
Zauber,spell
Rechtschreibung,spelling
ausgeben,spend
verbringt,spends
verbracht,spent
Spin,spin
Wirbelsäule,spinal
Wirbelsäule,spine
Spinnerei,spinning
Geist,spirit
temperamentvoll,spirited
geistigen,spiritual
Spiritualität,spirituality
Trotz,spite
herrliche,splendid
aufteilen,split
verdorben,spoiled
Spoiler,spoiler
sprach,spoke
gesprochen,spoken
Sport,sports
Ort,spot
Rampenlicht,spotlight
spree,spree
Frühling,spring
bestreut,sprinkled
Squeeze,squeeze
srv,srv
ss,ss
str,st
Personal,staff
Bühne,stage
schal,stale
stallone,stallone
stan,stan
stehen,stand
Stand-up,stand-up
Standard,standard
Standards,standards
Stehen,standing
standout,standout
standouts,standouts
Standpunkt,standpoint
steht,stands
stanley,stanley
Grundnahrungsmittel,staple
Stern,star
starrte,staring
Stark,stark
Darsteller,starring
Sternen,stars
Start,start
begonnen,started
ab,starting
beginnt,starts
Staat,state
Aussage,statement
Aussagen,statements
Staaten,states
statische,static
Bahnhof,station
Status,status
bleiben,stay
Aufenthalt,staying
Aufenthalte,stays
Steady,steady
stehlen,steal
Stehlen,stealing
Stahl,steel
stählernen,steely
stellaren,stellar
Schritt,step
stephen,stephen
Stereo,stereo
Stereotyp,stereotype
Stereotypen,stereotypes
stereotypen,stereotypical
Sterling,sterling
steve,steve
steven,steven
stevie,stevie
Stewart,stewart
Stock,stick
Kleben,sticking
Stöcke,sticks
steif,stiff
immernoch,still
Stiller,stiller
gestelzt,stilted
stinker,stinker
stinkt,stinks
Rühren,stirring
Lager,stock
Heizer,stoker
gestohlen,stole
Magen,stomach
Stein,stone
stand,stood
stoppen,stop
lagern,store
Shops,stores
Geschichten,stories
Sturm,storm
Geschichte,story
Storyline,storyline
Storylines,storylines
Erzähler,storyteller
gerade,straight
einfach,straightforward
Meerengen,straits
merkwürdig,strange
seltsam,strangely
Fremde,strangers
Straße,street
Stärke,strength
Stress,stress
stretch,stretch
Streiks,strikes
auffallend,striking
string,string
Saiten,strings
entkleidet,stripped
Striche,strokes
stark,strong
stärker,stronger
stärksten,strongest
stark,strongly
geschlagen,struck
Strukturen,structures
Kampf,struggle
Kämpfe,struggles
kämpfen,struggling
geklebt,stuck
Student,student
Studenten,students
Studio,studio
Studium,studying
Zeug,stuff
stolpert,stumbles
betäubt,stunned
stunning,stunning
blöd,stupid
dümmste,stupidest
Dummheit,stupidity
Stil,style
Stile,styles
stilvollen,stylish
gedämpft,subdued
Subjekt,subject
unterzogen,subjected
subjektiven,subjective
subpar,subpar
spätere,subsequent
Stoff,substance
Untertitel,subtitles
subtilen,subtle
gelungen,succeeded
gelingt,succeeds
Erfolg,success
erfolgreich,successful
erfolgreich,successfully
solch,such
saugen,suck
gesaugt,sucked
sucks,sucks
plötzliche,sudden
plötzlich,suddenly
leiden,suffer
schlagen,suggest
vorgeschlagen,suggested
Vorschlag,suggestion
schlägtvor,suggests
Selbstmord,suicide
Anzug,suit
Suite,suite
geeignet,suited
Zusammenfassung,summary
Sommer,summer
Sonne,sun
gesungen,sung
Sonnenaufgang,sunrise
Sonnenuntergang,sunset
super,super
superb,superb
hervorragend,superbly
oberflächlich,superficial
superior,superior
übernatürliche,supernatural
Superstar,superstar
Ergänzung,supplement
beliefern,supply
unterstützen,support
Unterstützung,supporting
Angenommen,suppose
soll,supposed
angeblich,supposedly
höchste,supreme
sicher,sure
sicher,surely
Oberfläche,surface
Chirurgie,surgery
Überraschung,surprise
überrascht,surprised
Überraschungen,surprises
überraschend,surprising
überraschend,surprisingly
Kapitulation,surrender
Surround,surround
umgeben,surrounded
Umgebung,surroundings
überleben,survive
überlebt,survived
Hinterbliebenenrente,survivor
Verdacht,suspect
Verdacht,suspected
aussetzen,suspend
Spannung,suspense
spannend,suspenseful
Schweiß,sweat
süß,sweet
schwimmen,swim
Swing,swing
geschwungen,swinging
Schalter,switch
sympathisch,sympathetic
symphonische,symphonic
Symphonien,symphonies
Symphonie,symphony
Synthesizer,synth
Synthesizer,synthesizer
Synthesizer,synths
System,system
t,t
tv,t.v
tad,tad
nehmen,take
getroffen,taken
nimmt,takes
unter,taking
Geschichte,tale
Talent,talent
talentierten,talented
unbegabt,talentless
Märchen,tales
sprechen,talk
sprachen,talked
sprechen,talking
Gespräche,talks
TippenSieauf,tap
Band,tape
Bänder,tapes
Ziel,target
Geschmack,taste
geschmackvolle,tasteful
Geschmack,tastes
schmackhafte,tasty
Steuern,taxes
taylor,taylor
Tee,tea
lehren,teach
Lehrer,teacher
Lehrer,teachers
lehrt,teaches
Team,team
Träne,tear
Tränen,tears
technischen,technical
Technik,technique
Techniken,techniques
ted,ted
langweilig,tedious
Teenager,teenage
Teenager,teenager
Teenager,teenagers
teens,teens
Zähne,teeth
Fernsehen,television
erzählen,tell
sagen,telling
erzählt,tells
Tempo,tempo
vorübergehend,temporary
zehn,ten
Tendenzen,tendencies
Tendenz,tendency
Ausschreibung,tender
Tendenz,tends
Tenor,tenor
angespannt,tense
Spannung,tension
zehnte,tenth
Terminator,terminator
Bedingungen,terms
schrecklich,terrible
schrecklich,terribly
terrific,terrific
erschreckend,terrifying
Terror,terror
Frottee,terry
Test,test
Testament,testament
Tests,testing
Tests,tests
texas,texas
Text,text
Texte,texts
tha,tha
als,than
danke,thank
Danke,thanks
das,that
thats,thats
der,the
Theater,theater
Theater,theatre
ihr,their
ihrigen,theirs
sie,them
Thema,theme
Themen,themes
sich,themselves
dann,then
theologischen,theological
Therapeuten,therapist
Therapie,therapy
dort,there
deshalb,therefore
diese,these
These,thesis
sie,they
dick,thick
ihr,thier
dünn,thin
Ding,thing
Dinge,things
denken,think
Denken,thinking
denkt,thinks
dritten,third
dies,this
thomas,thomas
Thompson,thompson
gründliche,thorough
gründlich,thoroughly
diese,those
obwohl,though
Gedanke,thought
nachdenklich,thoughtful
Bedrohung,threat
drei,three
warf,threw
Nervenkitzel,thrill
begeistert,thrilled
Thriller,thriller
Thriller,thrillers
Nervenkitzel,thrills
durch,through
durchweg,throughout
werfen,throw
Werfen,throwing
geworfen,thrown
durch,thru
Schläger,thug
Schläger,thugs
Thurman,thurman
also,thus
Ticket,ticket
Bindungen,ties
eng,tight
til,til
bis,till
tim,tim
Zeit,time
zeitlose,timeless
rechtzeitige,timely
Mal,times
Timing,timing
timothy,timothy
tiny,tiny
Spitze,tip
Tipps,tips
Reifen,tire
müde,tired
langweilig,tiresome
Titel,title
Titel,titled
zu,to
heute,today
todd,todd
zusammen,together
erzählt,told
erträglich,tolerable
tom,tom
tommy,tommy
Ton,tone
heute,tonight
t,tons
tony,tony
auch,too
nahm,took
Werkzeug,tool
Spitze,top
Thema,topic
Themen,topics
Spitze,topped
Folter,torture
werfen,toss
insgesamt,total
völlig,totally
Kontakt,touch
berührt,touched
berührt,touches
Berühren,touching
rau,tough
Tour,tour
Touristik,touring
gegen,toward
inRichtung,towards
Stadt,town
Städte,towns
Spielzeug,toys
Spur,track
Titel,tracks
tracy,tracy
Handel,trade
Marke,trademark
traditionellen,traditional
Verkehr,traffic
Tragödie,tragedy
tragische,tragic
Anhänger,trailer
Zug,train
Trainer,trainer
Training,training
Transfer,transfer
Transformation,transformation
verwandelt,transformed
verwandelt,transforms
Trap,trap
gefangen,trapped
Papierkorb,trash
Reisen,travels
Travestie,travesty
Schatz,treasure
behandeln,treat
behandelt,treated
Behandlung,treatment
Bäume,trees
Wanderung,trek
enorme,tremendous
Trends,trends
Dreieck,triangle
tribal,tribal
Trübsal,tribulation
Tribut,tribute
Trick,trick
versucht,tried
versucht,tries
Trio,trio
Reise,trip
Kutteln,tripe
trippy,trippy
banal,trite
Triumph,triumph
Ärger,trouble
beunruhigte,troubled
Unruhen,troubles
WAHR,true
wirklich,truly
Trompete,trumpet
vertrauen,trust
Wahrheit,truth
versuchen,try
versuchen,trying
tune,tune
abgestimmt,tuned
Melodien,tunes
tupac,tupac
wiederum,turn
wandtesich,turned
Drehen,turning
dreht,turns
tv,tv
zwanzigster,twentieth
zweimal,twice
twist,twist
Drehungen,twists
zwei,two
Typ,type
Typen,types
typischen,typical
typischerweise,typically
Tippfehler,typos
u,u
uns,u.s
ugh,ugh
hässlich,ugly
uh,uh
ultimative,ultimate
letztlich,ultimately
ultra,ultra
um,um
uma,uma
un,un
nichtinderLage,unable
unattraktiv,unattractive
unerträglich,unbearable
unglaublich,unbelievable
unglaublich,unbelievably
unvoreingenommene,unbiased
unbestreitbare,undeniable
unleugbar,undeniably
unter,under
undercover,undercover
U-Bahn,underground
underrated,underrated
verstehen,understand
verständlich,understandable
Verständnis,understanding
versteht,understands
verstanden,understood
uneben,uneven
unerwartete,unexpected
entfalten,unfold
entfaltet,unfolds
unvergesslichen,unforgettable
unglücklich,unfortunate
leider,unfortunately
komisch,unfunny
einfallslos,uninspired
uninspiring,uninspiring
unabsichtlich,unintentionally
uninteressant,uninteresting
einzigartige,unique
einmalig,uniquely
vereinigt,united
Universal,universal
esseidenn,unless
unsympathisch,unlikable
imGegensatzzu,unlike
unwahrscheinlich,unlikely
unlistenable,unlistenable
unmemorable,unmemorable
unnötige,unnecessary
unoriginell,unoriginal
unberechenbar,unpredictable
Rating,unrated
unlesbar,unreadable
unbefriedigend,unsatisfying
unseen,unseen
beunruhigend,unsettling
ahnungslose,unsuspecting
bis,until
ungewöhnlich,unusual
unwatchable,unwatchable
nachoben,up
optimistisch,upbeat
Aktualisiert,updated
uplifting,uplifting
nach,upon
oberen,upper
aufgebracht,upset
Uptempo,uptempo
uns,us
usa,usa
verwenden,use
verwendet,used
nutzlos,useless
verwendet,uses
mit,using
üblichen,usual
normalerweise,usually
äußerste,utmost
aussprechen,utter
völlig,utterly
v,v
Urlaub,vacation
vage,vague
vergeblich,vain
val,val
Tal,valley
wertvolle,valuable
Wert,value
Werte,values
Vampir,vampire
van,van
Vanessa,vanessa
schal,vapid
Variablen,variables
Variation,variation
Variationen,variations
variiert,varied
Vielfalt,variety
verschiedenen,various
variieren,vary
weit,vastly
vegas,vegas
Vene,vein
Samt,velvet
Venture,venture
Urteil,verdict
vielseitig,versatile
Vers,verse
Version,version
Versionen,versions
versus,versus
Verve,verve
sehr,very
Veteran,veteran
vhs,vhs
via,via
Vibe,vibe
pulsierenden,vibrant
Teufelskreis,vicious
Opfer,victims
victorian,victorian
Video,video
Videos,videos
anzeigen,view
Viewer,viewer
Zuschauer,viewers
Anzeige,viewing
Ansichten,views
Dorf,village
Bösewicht,villain
vintage,vintage
Gewalt,violence
Gewalt,violent
Violine,violin
Jungfrau,virgin
praktisch,virtually
Tugend,virtue
Virtuosität,virtuosity
Vision,vision
Visionen,visions
besucht,visited
Besuche,visits
visual,visual
lebendig,vivid
lebhaft,vividly
Wortschatz,vocabulary
vocal,vocal
Sänger,vocalist
Sänger,vocalists
stimmlich,vocally
Gesang,vocals
Stimme,voice
Stimmen,voices
void,void
Volumen,volume
Volumen,volumes
vs,vs
vulgär,vulgar
w,w
w/,w/
wack,wack
Wacky,wacky
warten,wait
wartete,waited
warten,waiting
wartet,waits
wake,wake
gehen,walk
ging,walked
walker,walker
Walking,walking
Spaziergänge,walks
Wand,wall
Wände,walls
Walzer,waltz
wandert,wanders
wollen,wanna
Möchtegern,wannabe
wollen,want
gesucht,wanted
wollen,wanting
will,wants
Krieg,war
Kriegsführung,warfare
warm,warm
gewarnt,warned
Warner,warner
Warnung,warning
Haftbefehl,warrant
Kriege,wars
war,was
Washington,washington
Abfall,waste
verschwendet,wasted
Verschwendung,wasting
Armbanduhr,watch
watchable,watchable
sah,watched
Uhren,watches
beobachten,watching
Wasser,water
bewässert,watered
Welle,wave
Wellen,waves
Weg,way
wayne,wayne
Möglichkeiten,ways
wir,we
schwach,weak
Schwäche,weakness
Reichtum,wealth
Waffen,weapons
Wetter,weather
webt,weaves
Hochzeit,wedding
Woche,week
Woche,weeks
eigenartig,weird
Willkommen,welcome
Tierschutz,welfare
gut,well
well-done,well-done
bekannte,well-known
gutgeschrieben,well-written
ging,went
waren,were
wesley,wesley
Westen,west
westlichen,western
nass,wet
was,what
wasauchimmer,whatever
überhaupt,whatsoever
Rad,wheel
wann,when
wo,where
"inderErwägung,",whereas
ob,whether
welcher,which
während,while
Jammern,whining
weinerlich,whiny
weiß,white
wer,who
wer,whoever
ganz,whole
wen,whom
deren,whose
warum,why
böse,wicked
breit,wide
weit,widely
Breitbild,widescreen
Ehefrau,wife
wild,wild
wild,wildly
werden,will
william,william
williams,williams
bereit,willing
wilson,wilson
win,win
Wind,wind
Fenster,window
Fenster,windows
Wein,wine
Gewinner,winner
gewinnen,winning
Winter,winters
Weisheit,wisdom
Wunsch,wish
wit,wit
Hexen,witches
mit,with
innerhalb,within
ohne,without
Zeuge,witness
Zeugen,witnesses
witzig,witty
r,wo
Wolf,wolf
Frau,woman
Frauen,women
gewonnen,won
Wunder,wonder
wundervoll,wonderful
wunderbar,wonderfully
wong,wong
pflegen,wont
Holz,wood
Holz,wooden
Wald,woods
Wort,word
Worte,words
wortreich,wordy
Arbeit,work
gearbeitet,worked
Arbeitnehmer,workers
arbeiten,working
Workout,workout
Workouts,workouts
Werke,works
Welt,world
Welten,worlds
getragen,worn
Sorge,worry
schlimmer,worse
schlimmsten,worst
Wert,worth
wertlos,worthless
lohnt,worthwhile
würdig,worthy
würde,would
Möchtegern-,would-be
wow,wow
wickeln,wrap
Wrack,wreck
elend,wretched
schreiben,write
Schriftsteller,writer
Schriftsteller,writers
schreibt,writes
schriftlich,writing
geschrieben,written
falsch,wrong
schrieb,wrote
schiefes,wry
wtf,wtf
wwe,wwe
wwii,wwii
x,x
y,y
ya,ya
Gähnen,yawn
yeah,yeah
Jahr,year
Jahr,years
gelb,yellow
ja,yes
gestern,yesterday
noch,yet
Yoga,yoga
yoko,yoko
york,york
du,you
jung,young
jünger,younger
dein,your
verkaufen,yours
Sie,yourself
Jugend,youth
yuck,yuck
zapped,zapped
zen,zen
Null,zero
Zombie,zombie
Zone,zone
